publicid,TotalCount,mmi1,mmi2,mmi3,mmi4,mmi5,mmi6,mmi7,mmi8,mmi9
2019p744118,3,0,0,3,0,0,0,0,0,0
2019p701659,2,0,0,2,0,0,0,0,0,0
2019p686483,3,0,0,3,0,0,0,0,0,0
2019p668117,2,0,0,2,0,0,0,0,0,0
2019p658737,1,0,0,1,0,0,0,0,0,0
2019p649210,2,0,0,2,0,0,0,0,0,0
2019p637984,3,0,0,2,1,0,0,0,0,0
2019p596908,1,0,0,1,0,0,0,0,0,0
2019p821442,1,0,0,0,1,0,0,0,0,0
2019p821163,2,0,0,1,1,0,0,0,0,0
2019p820281,3,0,0,1,2,0,0,0,0,0
2019p819875,2,0,0,1,1,0,0,0,0,0
2019p819766,2,0,0,2,0,0,0,0,0,0
2019p819729,2,0,0,2,0,0,0,0,0,0
2019p818909,4,0,0,4,0,0,0,0,0,0
2019p818901,5,0,0,4,1,0,0,0,0,0
2019p818672,1,0,0,1,0,0,0,0,0,0
2019p817317,2,0,0,2,0,0,0,0,0,0
2019p816569,6,0,0,6,0,0,0,0,0,0
2019p816567,6,0,0,6,0,0,0,0,0,0
2019p816407,4,0,0,3,0,0,0,0,1,0
2019p816313,2,0,0,1,1,0,0,0,0,0
2019p816196,2,0,0,2,0,0,0,0,0,0
2019p816168,1,0,0,1,0,0,0,0,0,0
2019p815985,2,0,0,2,0,0,0,0,0,0
2019p815800,2,0,0,2,0,0,0,0,0,0
2019p815146,2,0,0,2,0,0,0,0,0,0
2019p814867,1,0,0,0,1,0,0,0,0,0
2019p814804,1,0,0,1,0,0,0,0,0,0
2019p814639,3,0,0,2,1,0,0,0,0,0
2019p814477,1,0,0,1,0,0,0,0,0,0
2019p814194,1,0,0,1,0,0,0,0,0,0
2019p814159,1,0,0,1,0,0,0,0,0,0
2019p813173,2,0,0,2,0,0,0,0,0,0
2019p812875,52,0,0,35,14,3,0,0,0,0
2019p812372,1,0,0,1,0,0,0,0,0,0
2019p812220,1,0,0,0,1,0,0,0,0,0
2019p812211,2,0,0,1,1,0,0,0,0,0
2019p812136,1,0,0,1,0,0,0,0,0,0
2019p811805,4,0,0,3,0,1,0,0,0,0
2019p811718,14,0,0,10,3,0,0,0,1,0
2019p811715,18,0,0,12,5,0,0,0,1,0
2019p811696,16,0,0,9,7,0,0,0,0,0
2019p811694,16,0,0,8,7,1,0,0,0,0
2019p811689,17,0,0,8,7,1,0,1,0,0
2019p811674,164,0,0,91,66,4,2,1,0,0
2019p811668,240,0,0,132,100,5,2,1,0,0
2019p811496,2,0,0,2,0,0,0,0,0,0
2019p811464,4,0,0,3,1,0,0,0,0,0
2019p811412,32,0,0,30,2,0,0,0,0,0
2019p811388,145,0,0,116,22,6,1,0,0,0
2019p811385,148,0,0,113,28,6,1,0,0,0
2019p811383,147,0,0,110,30,6,1,0,0,0
2019p811382,144,0,0,107,30,6,1,0,0,0
2019p811381,144,0,0,107,30,6,1,0,0,0
2019p811334,2,0,0,2,0,0,0,0,0,0
2019p811304,7,0,0,6,1,0,0,0,0,0
2019p811291,4,0,0,4,0,0,0,0,0,0
2019p811235,3,0,0,2,1,0,0,0,0,0
2019p811007,2,0,0,1,0,1,0,0,0,0
2019p811003,2,0,0,1,0,1,0,0,0,0
2019p811002,2,0,0,1,0,1,0,0,0,0
2019p810816,5,0,0,3,2,0,0,0,0,0
2019p810596,3,0,0,1,2,0,0,0,0,0
2019p809993,928,0,0,503,369,56,0,0,0,0
2019p809695,2,0,0,0,2,0,0,0,0,0
2019p809529,156,0,0,52,79,19,4,0,2,0
2019p809177,15,0,0,8,7,0,0,0,0,0
2019p808901,1,0,0,1,0,0,0,0,0,0
2019p808893,1,0,0,1,0,0,0,0,0,0
2019p808861,2,0,0,2,0,0,0,0,0,0
2019p808233,1,0,0,1,0,0,0,0,0,0
2019p807805,6,0,0,5,1,0,0,0,0,0
2019p807789,23,0,0,18,5,0,0,0,0,0
2019p807783,23,0,0,18,5,0,0,0,0,0
2019p807654,1,0,0,1,0,0,0,0,0,0
2019p806532,3,0,0,3,0,0,0,0,0,0
2019p805572,1,0,0,0,1,0,0,0,0,0
2019p805398,1,0,0,1,0,0,0,0,0,0
2019p805375,1,0,0,1,0,0,0,0,0,0
2019p804987,4,0,0,3,1,0,0,0,0,0
2019p804318,1,0,0,1,0,0,0,0,0,0
2019p803891,6,0,0,4,1,1,0,0,0,0
2019p803877,11,0,0,6,4,1,0,0,0,0
2019p803798,1,0,0,1,0,0,0,0,0,0
2019p803675,1,0,0,0,1,0,0,0,0,0
2019p802253,1,0,0,1,0,0,0,0,0,0
2019p801137,10,0,0,6,3,0,0,1,0,0
2019p801104,21,0,0,14,7,0,0,0,0,0
2019p800962,1,0,0,0,0,1,0,0,0,0
2019p799803,2,0,0,1,0,0,1,0,0,0
2019p799296,1,0,0,1,0,0,0,0,0,0
2019p798784,1,0,0,1,0,0,0,0,0,0
2019p798767,1,0,0,1,0,0,0,0,0,0
2019p798285,1,0,0,1,0,0,0,0,0,0
2019p798090,1,0,0,1,0,0,0,0,0,0
2019p797823,1,0,0,1,0,0,0,0,0,0
2019p796517,3,0,0,1,2,0,0,0,0,0
2019p795674,25,0,0,23,2,0,0,0,0,0
2019p795669,25,0,0,23,2,0,0,0,0,0
2019p795597,2,0,0,2,0,0,0,0,0,0
2019p793556,1,0,0,1,0,0,0,0,0,0
2019p793473,1,0,0,1,0,0,0,0,0,0
2019p792883,2,0,0,2,0,0,0,0,0,0
2019p792718,2,0,0,2,0,0,0,0,0,0
2019p792154,2,0,0,2,0,0,0,0,0,0
2019p791471,5,0,0,0,5,0,0,0,0,0
2019p791239,3,0,0,3,0,0,0,0,0,0
2019p791181,3,0,0,1,2,0,0,0,0,0
2019p791115,2,0,0,2,0,0,0,0,0,0
2019p791069,4,0,0,2,1,1,0,0,0,0
2019p790980,22,0,0,9,12,0,0,0,1,0
2019p790067,2,0,0,1,1,0,0,0,0,0
2019p790017,2,0,0,2,0,0,0,0,0,0
2019p789816,2,0,0,1,0,0,0,0,1,0
2019p788670,4,0,0,2,2,0,0,0,0,0
2019p788454,8,0,0,4,2,2,0,0,0,0
2019p788426,42,0,0,19,20,3,0,0,0,0
2019p787272,2,0,0,1,1,0,0,0,0,0
2019p784698,1,0,0,1,0,0,0,0,0,0
2019p784551,1,0,0,1,0,0,0,0,0,0
2019p783407,2,0,0,0,1,0,0,0,1,0
2019p782949,1,0,0,1,0,0,0,0,0,0
2019p782155,1,0,0,1,0,0,0,0,0,0
2019p781818,1,0,0,1,0,0,0,0,0,0
2019p781777,1,0,0,1,0,0,0,0,0,0
2019p781261,1,0,0,0,0,0,0,0,1,0
2019p780914,2,0,0,2,0,0,0,0,0,0
2019p780588,1,0,0,1,0,0,0,0,0,0
2019p778670,1,0,0,0,0,0,0,0,1,0
2019p777923,1,0,0,1,0,0,0,0,0,0
2019p776852,1,0,0,1,0,0,0,0,0,0
2019p776291,3,0,0,3,0,0,0,0,0,0
2019p776132,1,0,0,1,0,0,0,0,0,0
2019p776059,1,0,0,1,0,0,0,0,0,0
2019p774291,1,0,0,0,1,0,0,0,0,0
2019p774039,1,0,0,1,0,0,0,0,0,0
2019p773818,1,0,0,1,0,0,0,0,0,0
2019p773754,2,0,0,2,0,0,0,0,0,0
2019p773233,183,0,0,112,67,4,0,0,0,0
2019p772957,1,0,0,1,0,0,0,0,0,0
2019p772941,4,0,0,4,0,0,0,0,0,0
2019p772928,20,0,0,15,4,1,0,0,0,0
2019p772905,56,0,0,42,13,1,0,0,0,0
2019p772903,56,0,0,42,13,1,0,0,0,0
2019p772896,56,0,0,42,13,1,0,0,0,0
2019p772050,1,0,0,1,0,0,0,0,0,0
2019p771853,1,0,0,1,0,0,0,0,0,0
2019p771841,1,0,0,1,0,0,0,0,0,0
2019p771490,1,0,0,1,0,0,0,0,0,0
2019p771256,2,0,0,2,0,0,0,0,0,0
2019p770961,1,0,0,1,0,0,0,0,0,0
2019p770512,1,0,0,1,0,0,0,0,0,0
2019p770510,1,0,0,1,0,0,0,0,0,0
2019p770148,1,0,0,1,0,0,0,0,0,0
2019p768570,1,0,0,1,0,0,0,0,0,0
2019p768531,1,0,0,1,0,0,0,0,0,0
2019p768524,4,0,0,4,0,0,0,0,0,0
2019p768333,1,0,0,1,0,0,0,0,0,0
2019p767517,2,0,0,2,0,0,0,0,0,0
2019p766476,1,0,0,0,0,1,0,0,0,0
2019p766460,1,0,0,0,0,1,0,0,0,0
2019p766231,1,0,0,1,0,0,0,0,0,0
2019p765892,1,0,0,1,0,0,0,0,0,0
2019p765783,2,0,0,2,0,0,0,0,0,0
2019p765350,1,0,0,1,0,0,0,0,0,0
2019p764729,2,0,0,2,0,0,0,0,0,0
2019p763520,1,0,0,1,0,0,0,0,0,0
2019p762813,1,0,0,1,0,0,0,0,0,0
2019p762746,2,0,0,1,1,0,0,0,0,0
2019p761283,1,0,0,1,0,0,0,0,0,0
2019p760771,2,0,0,1,1,0,0,0,0,0
2019p760576,2,0,0,2,0,0,0,0,0,0
2019p760262,1,0,0,1,0,0,0,0,0,0
2019p760248,2,0,0,2,0,0,0,0,0,0
2019p757719,1,0,0,1,0,0,0,0,0,0
2019p757450,1,0,0,1,0,0,0,0,0,0
2019p757360,1,0,0,0,1,0,0,0,0,0
2019p757355,2,0,0,1,1,0,0,0,0,0
2019p756711,2,0,0,1,1,0,0,0,0,0
2019p756622,1,0,0,1,0,0,0,0,0,0
2019p756382,2,0,0,0,1,1,0,0,0,0
2019p755773,1,0,0,1,0,0,0,0,0,0
2019p755445,1,0,0,1,0,0,0,0,0,0
2019p755237,2,0,0,2,0,0,0,0,0,0
2019p754703,8,0,0,4,1,2,1,0,0,0
2019p754622,7,0,0,5,1,1,0,0,0,0
2019p754583,26,0,0,12,8,5,0,1,0,0
2019p753733,1,0,0,1,0,0,0,0,0,0
2019p753673,2,0,0,2,0,0,0,0,0,0
2019p752837,1,0,0,1,0,0,0,0,0,0
2019p752743,1,0,0,1,0,0,0,0,0,0
2019p752612,2,0,0,2,0,0,0,0,0,0
2019p752517,21,0,0,15,5,1,0,0,0,0
2019p752434,6,0,0,5,1,0,0,0,0,0
2019p752415,34,0,0,15,17,2,0,0,0,0
2019p752405,32,0,0,13,17,2,0,0,0,0
2019p752336,1,0,0,1,0,0,0,0,0,0
2019p752279,3,0,0,1,2,0,0,0,0,0
2019p751817,1,0,0,0,0,0,0,0,1,0
2019p751313,1,0,0,0,1,0,0,0,0,0
2019p750553,1,0,0,1,0,0,0,0,0,0
2019p750071,1,0,0,1,0,0,0,0,0,0
2019p749930,1,0,0,1,0,0,0,0,0,0
2019p749328,1,0,0,1,0,0,0,0,0,0
2019p749258,4,0,0,2,2,0,0,0,0,0
2019p749229,5,0,0,4,1,0,0,0,0,0
2019p748280,1,0,0,0,0,0,0,0,1,0
2019p747056,1,0,0,1,0,0,0,0,0,0
2019p747047,1,0,0,1,0,0,0,0,0,0
2019p746793,1,0,0,1,0,0,0,0,0,0
2019p746570,1,0,0,0,0,0,0,0,1,0
2019p746442,1,0,0,1,0,0,0,0,0,0
2019p746396,1,0,0,1,0,0,0,0,0,0
2019p745216,1,0,0,1,0,0,0,0,0,0
2019p744744,1,0,0,1,0,0,0,0,0,0
2019p744655,1,0,0,1,0,0,0,0,0,0
2019p744391,2,0,0,2,0,0,0,0,0,0
2019p744385,2,0,0,2,0,0,0,0,0,0
2019p744237,3,0,0,2,1,0,0,0,0,0
2019p743798,12,0,0,11,1,0,0,0,0,0
2019p743027,1,0,0,0,0,0,0,0,1,0
2019p742370,1,0,0,1,0,0,0,0,0,0
2019p742133,2,0,0,2,0,0,0,0,0,0
2019p741470,3,0,0,1,1,0,0,0,1,0
2019p740053,2,0,0,0,2,0,0,0,0,0
2019p740022,4,0,0,2,1,1,0,0,0,0
2019p739916,8,0,0,3,4,1,0,0,0,0
2019p739634,5,0,0,2,3,0,0,0,0,0
2019p739580,28,0,0,19,9,0,0,0,0,0
2019p739530,494,0,0,149,289,52,2,0,2,0
2019p739525,504,0,0,158,284,56,4,0,2,0
2019p739143,1,0,0,1,0,0,0,0,0,0
2019p738721,4,0,0,3,1,0,0,0,0,0
2019p738683,7,0,0,4,3,0,0,0,0,0
2019p738656,18,0,0,8,6,4,0,0,0,0
2019p736733,2,0,0,1,1,0,0,0,0,0
2019p736141,1,0,0,0,1,0,0,0,0,0
2019p735920,1,0,0,1,0,0,0,0,0,0
2019p735720,2,0,0,2,0,0,0,0,0,0
2019p735543,1,0,0,1,0,0,0,0,0,0
2019p734653,6,0,0,4,2,0,0,0,0,0
2019p734611,16,0,0,10,5,1,0,0,0,0
2019p734598,19,0,0,11,7,1,0,0,0,0
2019p734595,18,0,0,9,8,1,0,0,0,0
2019p734160,2,0,0,2,0,0,0,0,0,0
2019p733990,1,0,0,0,1,0,0,0,0,0
2019p733338,3,0,0,3,0,0,0,0,0,0
2019p733096,1,0,0,1,0,0,0,0,0,0
2019p731141,1,0,0,1,0,0,0,0,0,0
2019p729477,2,0,0,1,1,0,0,0,0,0
2019p729229,2,0,0,1,1,0,0,0,0,0
2019p728736,1,0,0,0,1,0,0,0,0,0
2019p728643,2,0,0,1,1,0,0,0,0,0
2019p728511,3,0,0,1,1,1,0,0,0,0
2019p727806,2,0,0,1,0,0,0,0,1,0
2019p725677,1,0,0,0,1,0,0,0,0,0
2019p725621,1,0,0,1,0,0,0,0,0,0
2019p725526,1,0,0,0,1,0,0,0,0,0
2019p724124,2,0,0,0,1,0,0,1,0,0
2019p723558,1,0,0,0,1,0,0,0,0,0
2019p722916,27,0,0,18,9,0,0,0,0,0
2019p722429,1,0,0,0,1,0,0,0,0,0
2019p722354,1,0,0,1,0,0,0,0,0,0
2019p720730,1,0,0,1,0,0,0,0,0,0
2019p718804,1,0,0,1,0,0,0,0,0,0
2019p717537,2,0,0,1,1,0,0,0,0,0
2019p717531,2,0,0,1,1,0,0,0,0,0
2019p717528,1,0,0,1,0,0,0,0,0,0
2019p717071,2,0,0,2,0,0,0,0,0,0
2019p717069,2,0,0,2,0,0,0,0,0,0
2019p716381,3,0,0,2,1,0,0,0,0,0
2019p715908,4,0,0,3,1,0,0,0,0,0
2019p715828,5,0,0,3,1,1,0,0,0,0
2019p715817,5,0,0,2,1,2,0,0,0,0
2019p715688,12,0,0,6,5,1,0,0,0,0
2019p715674,12,0,0,5,5,2,0,0,0,0
2019p715106,3,0,0,2,1,0,0,0,0,0
2019p714971,3,0,0,2,0,1,0,0,0,0
2019p714877,5,0,0,3,2,0,0,0,0,0
2019p714807,11,0,0,2,7,1,1,0,0,0
2019p713656,1,0,0,0,1,0,0,0,0,0
2019p712780,2,0,0,1,0,0,0,0,1,0
2019p711999,1,0,0,1,0,0,0,0,0,0
2019p711858,2,0,0,2,0,0,0,0,0,0
2019p711746,1,0,0,1,0,0,0,0,0,0
2019p710442,1,0,0,1,0,0,0,0,0,0
2019p710176,2,0,0,0,1,1,0,0,0,0
2019p709693,2,0,0,0,2,0,0,0,0,0
2019p709499,1,0,0,1,0,0,0,0,0,0
2019p709267,1,0,0,0,1,0,0,0,0,0
2019p709148,4,0,0,3,1,0,0,0,0,0
2019p708837,6,0,0,1,5,0,0,0,0,0
2019p708684,31,0,0,19,10,2,0,0,0,0
2019p706708,3,0,0,3,0,0,0,0,0,0
2019p706646,6,0,0,4,2,0,0,0,0,0
2019p706641,8,0,0,6,2,0,0,0,0,0
2019p706626,17,0,0,7,10,0,0,0,0,0
2019p706616,28,0,0,15,13,0,0,0,0,0
2019p706167,2,0,0,2,0,0,0,0,0,0
2019p705472,84,0,0,66,16,1,1,0,0,0
2019p705225,1,0,0,1,0,0,0,0,0,0
2019p705089,1,0,0,1,0,0,0,0,0,0
2019p703905,1,0,0,1,0,0,0,0,0,0
2019p703732,2,0,0,2,0,0,0,0,0,0
2019p703725,2,0,0,2,0,0,0,0,0,0
2019p703688,2,0,0,2,0,0,0,0,0,0
2019p703669,1,0,0,1,0,0,0,0,0,0
2019p703651,1,0,0,1,0,0,0,0,0,0
2019p703238,1,0,0,1,0,0,0,0,0,0
2019p702660,1,0,0,1,0,0,0,0,0,0
2019p701993,2,0,0,2,0,0,0,0,0,0
2019p701777,1,0,0,1,0,0,0,0,0,0
2019p701681,1,0,0,1,0,0,0,0,0,0
2019p701228,2,0,0,2,0,0,0,0,0,0
2019p701218,1,0,0,1,0,0,0,0,0,0
2019p700409,1,0,0,0,0,0,0,0,1,0
2019p698182,1,0,0,1,0,0,0,0,0,0
2019p697955,3,0,0,3,0,0,0,0,0,0
2019p697818,2,0,0,2,0,0,0,0,0,0
2019p696892,1,0,0,1,0,0,0,0,0,0
2019p696735,2,0,0,0,2,0,0,0,0,0
2019p696662,16,0,0,11,3,2,0,0,0,0
2019p696590,35,0,0,20,12,2,1,0,0,0
2019p696571,92,0,0,54,32,5,1,0,0,0
2019p695436,6,0,0,3,2,0,0,0,1,0
2019p695147,10,0,0,6,4,0,0,0,0,0
2019p695125,5,0,0,4,1,0,0,0,0,0
2019p694721,1,0,0,1,0,0,0,0,0,0
2019p694380,1,0,0,1,0,0,0,0,0,0
2019p694355,1,0,0,1,0,0,0,0,0,0
2019p694277,4,0,0,4,0,0,0,0,0,0
2019p693842,1,0,0,1,0,0,0,0,0,0
2019p693826,1,0,0,1,0,0,0,0,0,0
2019p693822,1,0,0,1,0,0,0,0,0,0
2019p693653,2,0,0,0,2,0,0,0,0,0
2019p693578,1,0,0,1,0,0,0,0,0,0
2019p693317,2,0,0,1,1,0,0,0,0,0
2019p693300,3,0,0,2,1,0,0,0,0,0
2019p692012,1,0,0,1,0,0,0,0,0,0
2019p691868,1,0,0,1,0,0,0,0,0,0
2019p691384,1,0,0,1,0,0,0,0,0,0
2019p691299,5,0,0,3,1,1,0,0,0,0
2019p690612,1,0,0,1,0,0,0,0,0,0
2019p690292,3,0,0,1,1,1,0,0,0,0
2019p689647,1,0,0,0,0,0,0,1,0,0
2019p689604,2,0,0,2,0,0,0,0,0,0
2019p688855,1,0,0,1,0,0,0,0,0,0
2019p688773,3,0,0,3,0,0,0,0,0,0
2019p687468,2,0,0,2,0,0,0,0,0,0
2019p687455,2,0,0,2,0,0,0,0,0,0
2019p687203,1,0,0,1,0,0,0,0,0,0
2019p687186,1,0,0,1,0,0,0,0,0,0
2019p686894,1,0,0,1,0,0,0,0,0,0
2019p686307,2,0,0,2,0,0,0,0,0,0
2019p685973,1,0,0,1,0,0,0,0,0,0
2019p685751,10,0,0,9,1,0,0,0,0,0
2019p685497,1,0,0,0,1,0,0,0,0,0
2019p685437,1,0,0,0,1,0,0,0,0,0
2019p685414,2,0,0,2,0,0,0,0,0,0
2019p685004,1,0,0,1,0,0,0,0,0,0
2019p684945,1,0,0,0,0,0,1,0,0,0
2019p684706,7,0,0,5,2,0,0,0,0,0
2019p684704,8,0,0,6,2,0,0,0,0,0
2019p684684,8,0,0,6,2,0,0,0,0,0
2019p684652,10,0,0,8,2,0,0,0,0,0
2019p684564,752,0,0,564,174,13,0,1,0,0
2019p684240,1,0,0,1,0,0,0,0,0,0
2019p683739,1,0,0,0,1,0,0,0,0,0
2019p682749,8,0,0,8,0,0,0,0,0,0
2019p682750,8,0,0,8,0,0,0,0,0,0
2019p682242,1,0,0,1,0,0,0,0,0,0
2019p682187,1,0,0,1,0,0,0,0,0,0
2019p682101,5,0,0,4,1,0,0,0,0,0
2019p682033,3,0,0,3,0,0,0,0,0,0
2019p682030,3,0,0,3,0,0,0,0,0,0
2019p681962,2,0,0,2,0,0,0,0,0,0
2019p681935,4,0,0,4,0,0,0,0,0,0
2019p681417,1,0,0,1,0,0,0,0,0,0
2019p680421,5,0,0,5,0,0,0,0,0,0
2019p679919,6,0,0,4,2,0,0,0,0,0
2019p679893,18,0,0,14,4,0,0,0,0,0
2019p679440,3,0,0,3,0,0,0,0,0,0
2019p679060,3,0,0,3,0,0,0,0,0,0
2019p679039,2,0,0,2,0,0,0,0,0,0
2019p679033,1,0,0,1,0,0,0,0,0,0
2019p678816,3,0,0,3,0,0,0,0,0,0
2019p678702,1,0,0,1,0,0,0,0,0,0
2019p678684,3,0,0,3,0,0,0,0,0,0
2019p677585,2,0,0,2,0,0,0,0,0,0
2019p676655,1,0,0,0,1,0,0,0,0,0
2019p676649,2,0,0,1,1,0,0,0,0,0
2019p676330,2,0,0,1,0,1,0,0,0,0
2019p676314,2,0,0,1,0,1,0,0,0,0
2019p676259,1,0,0,1,0,0,0,0,0,0
2019p676241,4,0,0,4,0,0,0,0,0,0
2019p676227,4,0,0,4,0,0,0,0,0,0
2019p675310,1,0,0,0,0,1,0,0,0,0
2019p675187,1,0,0,0,0,0,1,0,0,0
2019p675144,1,0,0,0,0,0,0,0,1,0
2019p674328,1,0,0,1,0,0,0,0,0,0
2019p673840,1,0,0,1,0,0,0,0,0,0
2019p673762,1,0,0,0,1,0,0,0,0,0
2019p673454,2,0,0,2,0,0,0,0,0,0
2019p672396,1,0,0,1,0,0,0,0,0,0
2019p672344,2,0,0,2,0,0,0,0,0,0
2019p671879,1,0,0,1,0,0,0,0,0,0
2019p671679,1,0,0,1,0,0,0,0,0,0
2019p671666,1,0,0,1,0,0,0,0,0,0
2019p671592,2,0,0,1,1,0,0,0,0,0
2019p671510,13,0,0,8,4,0,1,0,0,0
2019p671408,3,0,0,1,0,1,0,0,1,0
2019p671242,3,0,0,3,0,0,0,0,0,0
2019p671171,9,0,0,0,0,0,1,5,3,0
2019p671001,1,0,0,0,0,0,0,0,1,0
2019p670954,3,0,0,3,0,0,0,0,0,0
2019p670735,1,0,0,1,0,0,0,0,0,0
2019p670727,1,0,0,1,0,0,0,0,0,0
2019p670674,6,0,0,6,0,0,0,0,0,0
2019p670488,1,0,0,0,1,0,0,0,0,0
2019p670466,4,0,0,3,1,0,0,0,0,0
2019p670442,35,0,0,22,12,1,0,0,0,0
2019p670436,38,0,0,25,12,1,0,0,0,0
2019p670434,38,0,0,25,12,1,0,0,0,0
2019p670428,39,0,0,25,13,1,0,0,0,0
2019p670369,1,0,0,1,0,0,0,0,0,0
2019p670252,1,0,0,0,1,0,0,0,0,0
2019p670097,3,0,0,3,0,0,0,0,0,0
2019p670070,4,0,0,3,0,1,0,0,0,0
2019p670067,4,0,0,3,0,1,0,0,0,0
2019p670056,16,0,0,11,4,1,0,0,0,0
2019p669894,3,0,0,3,0,0,0,0,0,0
2019p669732,2,0,0,2,0,0,0,0,0,0
2019p669589,4,0,0,2,1,1,0,0,0,0
2019p669568,1,0,0,0,1,0,0,0,0,0
2019p669531,1,0,0,1,0,0,0,0,0,0
2019p669521,1,0,0,1,0,0,0,0,0,0
2019p669517,1,0,0,1,0,0,0,0,0,0
2019p669465,13,0,0,7,5,1,0,0,0,0
2019p669401,1,0,0,1,0,0,0,0,0,0
2019p669278,1,0,0,1,0,0,0,0,0,0
2019p669272,1,0,0,1,0,0,0,0,0,0
2019p669013,1,0,0,1,0,0,0,0,0,0
2019p668867,2,0,0,2,0,0,0,0,0,0
2019p668841,1,0,0,1,0,0,0,0,0,0
2019p668774,1,0,0,1,0,0,0,0,0,0
2019p668703,1,0,0,1,0,0,0,0,0,0
2019p668645,3,0,0,3,0,0,0,0,0,0
2019p668616,6,0,0,2,4,0,0,0,0,0
2019p668548,1,0,0,1,0,0,0,0,0,0
2019p668492,4,0,0,3,1,0,0,0,0,0
2019p668479,2,0,0,2,0,0,0,0,0,0
2019p668434,2,0,0,2,0,0,0,0,0,0
2019p668425,2,0,0,2,0,0,0,0,0,0
2019p668397,2,0,0,2,0,0,0,0,0,0
2019p668389,2,0,0,2,0,0,0,0,0,0
2019p668388,2,0,0,2,0,0,0,0,0,0
2019p668380,6,0,0,6,0,0,0,0,0,0
2019p668370,5,0,0,5,0,0,0,0,0,0
2019p668323,1,0,0,1,0,0,0,0,0,0
2019p668312,3,0,0,2,0,0,0,0,1,0
2019p668283,1,0,0,1,0,0,0,0,0,0
2019p668158,2,0,0,2,0,0,0,0,0,0
2019p668150,1,0,0,1,0,0,0,0,0,0
2019p668085,1,0,0,1,0,0,0,0,0,0
2019p668055,2,0,0,2,0,0,0,0,0,0
2019p668052,2,0,0,2,0,0,0,0,0,0
2019p668045,2,0,0,2,0,0,0,0,0,0
2019p667985,3,0,0,1,1,0,1,0,0,0
2019p667948,2,0,0,2,0,0,0,0,0,0
2019p667920,3,0,0,2,0,0,0,0,1,0
2019p667916,4,0,0,2,1,0,0,0,1,0
2019p667791,3,0,0,2,0,0,0,0,1,0
2019p667704,2,0,0,1,0,0,1,0,0,0
2019p667641,4,0,0,3,1,0,0,0,0,0
2019p667634,4,0,0,3,1,0,0,0,0,0
2019p667548,5,0,0,4,1,0,0,0,0,0
2019p667523,3,0,0,2,1,0,0,0,0,0
2019p667461,1,0,0,1,0,0,0,0,0,0
2019p667387,1,0,0,1,0,0,0,0,0,0
2019p667327,2,0,0,2,0,0,0,0,0,0
2019p667303,1,0,0,1,0,0,0,0,0,0
2019p667290,1,0,0,1,0,0,0,0,0,0
2019p667167,4,0,0,4,0,0,0,0,0,0
2019p667153,4,0,0,3,0,0,1,0,0,0
2019p667117,2,0,0,1,1,0,0,0,0,0
2019p667080,1,0,0,1,0,0,0,0,0,0
2019p667027,5,0,0,5,0,0,0,0,0,0
2019p666989,7,0,0,6,1,0,0,0,0,0
2019p666976,6,0,0,6,0,0,0,0,0,0
2019p666920,2,0,0,1,0,0,0,1,0,0
2019p666908,2,0,0,1,0,0,0,1,0,0
2019p666900,3,0,0,3,0,0,0,0,0,0
2019p666895,3,0,0,3,0,0,0,0,0,0
2019p666774,2,0,0,2,0,0,0,0,0,0
2019p666726,3,0,0,3,0,0,0,0,0,0
2019p666694,1,0,0,1,0,0,0,0,0,0
2019p666646,5,0,0,3,2,0,0,0,0,0
2019p666601,6,0,0,2,4,0,0,0,0,0
2019p666587,9,0,0,6,3,0,0,0,0,0
2019p666560,22,0,0,12,10,0,0,0,0,0
2019p666547,47,0,0,26,19,2,0,0,0,0
2019p666544,46,0,0,25,19,2,0,0,0,0
2019p666456,1,0,0,0,1,0,0,0,0,0
2019p666451,1,0,0,0,1,0,0,0,0,0
2019p666367,1,0,0,1,0,0,0,0,0,0
2019p666364,1,0,0,1,0,0,0,0,0,0
2019p666362,1,0,0,1,0,0,0,0,0,0
2019p666359,1,0,0,1,0,0,0,0,0,0
2019p666304,1,0,0,0,1,0,0,0,0,0
2019p666275,2,0,0,0,1,1,0,0,0,0
2019p666258,4,0,0,3,0,1,0,0,0,0
2019p666230,10,0,0,10,0,0,0,0,0,0
2019p666207,1,0,0,1,0,0,0,0,0,0
2019p666200,1,0,0,1,0,0,0,0,0,0
2019p666190,1,0,0,1,0,0,0,0,0,0
2019p666176,2,0,0,1,0,1,0,0,0,0
2019p666170,3,0,0,1,0,1,1,0,0,0
2019p666159,4,0,0,1,1,1,1,0,0,0
2019p666154,6,0,0,3,1,1,1,0,0,0
2019p666144,6,0,0,4,1,0,1,0,0,0
2019p666135,4,0,0,3,1,0,0,0,0,0
2019p666124,3,0,0,2,0,1,0,0,0,0
2019p666125,3,0,0,2,0,1,0,0,0,0
2019p666123,3,0,0,2,0,1,0,0,0,0
2019p666115,2,0,0,1,0,1,0,0,0,0
2019p666110,4,0,0,2,1,1,0,0,0,0
2019p666103,3,0,0,1,1,1,0,0,0,0
2019p666067,14,0,0,9,1,2,0,1,1,0
2019p666037,5,0,0,3,0,1,1,0,0,0
2019p666024,7,0,0,5,0,1,1,0,0,0
2019p666019,9,0,0,7,0,1,1,0,0,0
2019p666008,10,0,0,8,2,0,0,0,0,0
2019p666006,10,0,0,8,2,0,0,0,0,0
2019p666000,9,0,0,7,2,0,0,0,0,0
2019p665998,9,0,0,7,2,0,0,0,0,0
2019p665993,10,0,0,8,2,0,0,0,0,0
2019p665973,7,0,0,7,0,0,0,0,0,0
2019p665963,7,0,0,7,0,0,0,0,0,0
2019p665951,7,0,0,6,1,0,0,0,0,0
2019p665925,12,0,0,7,3,1,1,0,0,0
2019p665918,13,0,0,9,2,1,1,0,0,0
2019p665895,32,0,0,24,4,1,2,0,1,0
2019p665890,33,0,0,25,4,1,2,0,1,0
2019p665873,16,0,0,13,1,2,0,0,0,0
2019p665867,19,0,0,15,0,3,0,1,0,0
2019p665849,23,0,0,16,2,2,2,1,0,0
2019p665818,29,0,0,20,8,0,1,0,0,0
2019p665811,29,0,0,21,6,1,1,0,0,0
2019p665805,33,0,0,18,11,2,2,0,0,0
2019p665785,66,0,0,43,17,3,2,0,1,0
2019p665776,120,0,0,83,26,8,2,0,1,0
2019p665773,123,0,0,82,26,11,3,0,1,0
2019p665753,124,0,0,72,31,14,6,0,1,0
2019p665749,95,0,0,48,27,14,5,0,1,0
2019p665747,91,0,0,43,30,12,5,0,1,0
2019p665743,106,0,0,48,39,12,6,0,1,0
2019p665738,121,0,0,62,44,10,4,0,1,0
2019p665733,145,0,0,76,55,9,4,0,1,0
2019p665732,155,0,0,82,58,10,4,0,1,0
2019p665728,171,0,0,93,64,10,4,0,0,0
2019p665722,188,0,0,92,78,14,4,0,0,0
2019p665718,204,0,0,101,79,20,4,0,0,0
2019p665713,206,0,0,106,75,20,3,1,1,0
2019p665703,237,0,0,120,76,32,5,3,1,0
2019p665702,246,0,0,124,79,33,6,3,1,0
2019p665695,300,0,0,142,100,43,9,4,2,0
2019p665683,441,0,0,185,167,72,12,4,1,0
2019p665682,492,0,0,210,178,83,15,4,2,0
2019p665680,530,0,0,228,190,89,16,4,3,0
2019p665669,1466,0,0,649,564,210,29,4,10,0
2019p665661,4410,0,0,2208,1539,558,79,10,16,0
2019p665658,4368,0,0,2195,1519,549,79,10,16,0
2019p664213,2,0,0,0,1,1,0,0,0,0
2019p664205,2,0,0,1,0,1,0,0,0,0
2019p663850,19,0,0,8,9,2,0,0,0,0
2019p663803,3,0,0,2,1,0,0,0,0,0
2019p663782,23,0,0,16,7,0,0,0,0,0
2019p663537,2,0,0,1,1,0,0,0,0,0
2019p663466,3,0,0,3,0,0,0,0,0,0
2019p663290,1,0,0,0,0,0,1,0,0,0
2019p663249,1,0,0,1,0,0,0,0,0,0
2019p663239,1,0,0,1,0,0,0,0,0,0
2019p663233,1,0,0,1,0,0,0,0,0,0
2019p663119,1,0,0,1,0,0,0,0,0,0
2019p663016,1,0,0,1,0,0,0,0,0,0
2019p662218,1,0,0,0,0,0,0,0,1,0
2019p662014,1,0,0,0,0,0,0,0,1,0
2019p661788,1,0,0,1,0,0,0,0,0,0
2019p661514,2,0,0,1,0,0,0,0,1,0
2019p661500,2,0,0,1,0,0,0,0,1,0
2019p660540,1,0,0,1,0,0,0,0,0,0
2019p660363,2,0,0,2,0,0,0,0,0,0
2019p660231,1,0,0,0,1,0,0,0,0,0
2019p659886,1,0,0,1,0,0,0,0,0,0
2019p659325,1,0,0,1,0,0,0,0,0,0
2019p658797,2,0,0,2,0,0,0,0,0,0
2019p658462,3,0,0,2,1,0,0,0,0,0
2019p658354,1,0,0,0,1,0,0,0,0,0
2019p658337,1,0,0,0,1,0,0,0,0,0
2019p658033,4,0,0,3,0,0,0,0,1,0
2019p657866,4,0,0,4,0,0,0,0,0,0
2019p657848,2,0,0,2,0,0,0,0,0,0
2019p657777,2,0,0,2,0,0,0,0,0,0
2019p657717,2,0,0,2,0,0,0,0,0,0
2019p657468,1,0,0,1,0,0,0,0,0,0
2019p657260,2,0,0,2,0,0,0,0,0,0
2019p656783,1,0,0,0,1,0,0,0,0,0
2019p656226,2,0,0,2,0,0,0,0,0,0
2019p655957,1,0,0,1,0,0,0,0,0,0
2019p655940,1,0,0,1,0,0,0,0,0,0
2019p655560,1,0,0,1,0,0,0,0,0,0
2019p655025,1,0,0,1,0,0,0,0,0,0
2019p654788,1,0,0,0,1,0,0,0,0,0
2019p654461,1,0,0,1,0,0,0,0,0,0
2019p654452,1,0,0,1,0,0,0,0,0,0
2019p653386,1,0,0,1,0,0,0,0,0,0
2019p652734,1,0,0,0,0,1,0,0,0,0
2019p652688,1,0,0,0,1,0,0,0,0,0
2019p652609,4,0,0,4,0,0,0,0,0,0
2019p652599,4,0,0,4,0,0,0,0,0,0
2019p652322,1,0,0,1,0,0,0,0,0,0
2019p651406,3,0,0,3,0,0,0,0,0,0
2019p651232,1,0,0,0,0,0,0,0,1,0
2019p650775,5,0,0,3,2,0,0,0,0,0
2019p650739,17,0,0,15,2,0,0,0,0,0
2019p649909,2,0,0,2,0,0,0,0,0,0
2019p649838,9,0,0,9,0,0,0,0,0,0
2019p649098,1,0,0,1,0,0,0,0,0,0
2019p647957,1,0,0,1,0,0,0,0,0,0
2019p647716,1,0,0,1,0,0,0,0,0,0
2019p647111,3,0,0,1,1,1,0,0,0,0
2019p647068,1,0,0,1,0,0,0,0,0,0
2019p647022,3,0,0,3,0,0,0,0,0,0
2019p646957,5,0,0,5,0,0,0,0,0,0
2019p646822,1,0,0,0,1,0,0,0,0,0
2019p646163,1,0,0,1,0,0,0,0,0,0
2019p644376,2,0,0,2,0,0,0,0,0,0
2019p644220,1,0,0,1,0,0,0,0,0,0
2019p643794,1,0,0,0,1,0,0,0,0,0
2019p643071,2,0,0,2,0,0,0,0,0,0
2019p642851,2,0,0,2,0,0,0,0,0,0
2019p642819,2,0,0,1,1,0,0,0,0,0
2019p642802,3,0,0,3,0,0,0,0,0,0
2019p642665,1,0,0,0,1,0,0,0,0,0
2019p642638,1,0,0,1,0,0,0,0,0,0
2019p642620,3,0,0,3,0,0,0,0,0,0
2019p642017,2,0,0,2,0,0,0,0,0,0
2019p639033,2,0,0,0,2,0,0,0,0,0
2019p636593,1,0,0,1,0,0,0,0,0,0
2019p636267,1,0,0,1,0,0,0,0,0,0
2019p635890,4,0,0,3,1,0,0,0,0,0
2019p635508,1,0,0,1,0,0,0,0,0,0
2019p633971,1,0,0,1,0,0,0,0,0,0
2019p633700,1,0,0,1,0,0,0,0,0,0
2019p633660,2,0,0,2,0,0,0,0,0,0
2019p633396,2,0,0,1,1,0,0,0,0,0
2019p632637,1,0,0,1,0,0,0,0,0,0
2019p632039,2,0,0,0,2,0,0,0,0,0
2019p631904,5,0,0,0,5,0,0,0,0,0
2019p631574,1,0,0,0,1,0,0,0,0,0
2019p631441,34,0,0,17,12,5,0,0,0,0
2019p631414,307,0,0,76,159,66,6,0,0,0
2019p631382,140,0,0,47,60,31,2,0,0,0
2019p630990,165,0,0,71,77,16,1,0,0,0
2019p630888,586,0,0,199,313,71,3,0,0,0
2019p630556,5,0,0,3,2,0,0,0,0,0
2019p629162,1,0,0,1,0,0,0,0,0,0
2019p629031,1,0,0,1,0,0,0,0,0,0
2019p627886,2,0,0,2,0,0,0,0,0,0
2019p627810,4,0,0,3,1,0,0,0,0,0
2019p627751,32,0,0,22,10,0,0,0,0,0
2019p627415,1,0,0,1,0,0,0,0,0,0
2019p627274,2,0,0,1,1,0,0,0,0,0
2019p626988,1,0,0,1,0,0,0,0,0,0
2019p626475,2,0,0,2,0,0,0,0,0,0
2019p626459,1,0,0,1,0,0,0,0,0,0
2019p626375,5,0,0,5,0,0,0,0,0,0
2019p625788,1,0,0,0,1,0,0,0,0,0
2019p625290,1,0,0,1,0,0,0,0,0,0
2019p624424,98,0,0,52,44,2,0,0,0,0
2019p624420,103,0,0,56,44,3,0,0,0,0
2019p623772,1,0,0,1,0,0,0,0,0,0
2019p623559,1,0,0,1,0,0,0,0,0,0
2019p623273,2,0,0,2,0,0,0,0,0,0
2019p623268,2,0,0,2,0,0,0,0,0,0
2019p623223,1,0,0,0,0,1,0,0,0,0
2019p622925,1,0,0,1,0,0,0,0,0,0
2019p622917,2,0,0,2,0,0,0,0,0,0
2019p622669,10,0,0,6,4,0,0,0,0,0
2019p622488,237,0,0,141,87,7,2,0,0,0
2019p622287,2,0,0,2,0,0,0,0,0,0
2019p622125,6,0,0,5,1,0,0,0,0,0
2019p622044,2,0,0,1,0,0,0,0,1,0
2019p621450,2,0,0,2,0,0,0,0,0,0
2019p619646,1,0,0,1,0,0,0,0,0,0
2019p619058,1,0,0,0,1,0,0,0,0,0
2019p618876,1,0,0,0,0,0,0,0,1,0
2019p618365,1,0,0,1,0,0,0,0,0,0
2019p616886,2,0,0,2,0,0,0,0,0,0
2019p616233,1,0,0,1,0,0,0,0,0,0
2019p616045,1,0,0,1,0,0,0,0,0,0
2019p615665,1,0,0,1,0,0,0,0,0,0
2019p614801,1,0,0,1,0,0,0,0,0,0
2019p614685,7,0,0,4,3,0,0,0,0,0
2019p614667,3,0,0,2,1,0,0,0,0,0
2019p614666,3,0,0,2,1,0,0,0,0,0
2019p614487,1,0,0,1,0,0,0,0,0,0
2019p614375,1,0,0,1,0,0,0,0,0,0
2019p613232,1,0,0,0,1,0,0,0,0,0
2019p612667,1,0,0,0,1,0,0,0,0,0
2019p612612,1,0,0,1,0,0,0,0,0,0
2019p612346,2,0,0,0,2,0,0,0,0,0
2019p612066,1,0,0,1,0,0,0,0,0,0
2019p611787,1,0,0,1,0,0,0,0,0,0
2019p611587,1,0,0,0,1,0,0,0,0,0
2019p611338,6,0,0,6,0,0,0,0,0,0
2019p610406,11,0,0,5,6,0,0,0,0,0
2019p610402,12,0,0,5,7,0,0,0,0,0
2019p610395,11,0,0,5,6,0,0,0,0,0
2019p610387,9,0,0,4,5,0,0,0,0,0
2019p610117,2,0,0,1,1,0,0,0,0,0
2019p609080,1,0,0,1,0,0,0,0,0,0
2019p608912,1,0,0,1,0,0,0,0,0,0
2019p608911,1,0,0,1,0,0,0,0,0,0
2019p608910,1,0,0,1,0,0,0,0,0,0
2019p608883,1,0,0,1,0,0,0,0,0,0
2019p608460,3,0,0,1,2,0,0,0,0,0
2019p608197,1,0,0,1,0,0,0,0,0,0
2019p608196,1,0,0,1,0,0,0,0,0,0
2019p607127,1,0,0,1,0,0,0,0,0,0
2019p607037,1,0,0,0,0,1,0,0,0,0
2019p606510,3,0,0,2,0,1,0,0,0,0
2019p606248,3,0,0,3,0,0,0,0,0,0
2019p606139,7,0,0,6,0,1,0,0,0,0
2019p605938,7,0,0,4,3,0,0,0,0,0
2019p605690,1,0,0,1,0,0,0,0,0,0
2019p604937,12,0,0,6,5,1,0,0,0,0
2019p604912,13,0,0,7,4,2,0,0,0,0
2019p604749,26,0,0,14,12,0,0,0,0,0
2019p604673,5,0,0,3,0,1,0,0,1,0
2019p604116,8,0,0,6,0,0,0,0,2,0
2019p603671,2,0,0,2,0,0,0,0,0,0
2019p603661,3,0,0,3,0,0,0,0,0,0
2019p603461,786,0,0,497,271,17,0,0,1,0
2019p603244,2,0,0,1,1,0,0,0,0,0
2019p602967,5,0,0,3,2,0,0,0,0,0
2019p602832,2,0,0,2,0,0,0,0,0,0
2019p602805,1,0,0,1,0,0,0,0,0,0
2019p602792,1,0,0,1,0,0,0,0,0,0
2019p602663,4,0,0,2,2,0,0,0,0,0
2019p602543,150,0,0,78,58,14,0,0,0,0
2019p601411,1,0,0,0,1,0,0,0,0,0
2019p601166,2,0,0,2,0,0,0,0,0,0
2019p600886,2,0,0,2,0,0,0,0,0,0
2019p599828,14,0,0,10,3,1,0,0,0,0
2019p599508,1,0,0,1,0,0,0,0,0,0
2019p599476,1,0,0,1,0,0,0,0,0,0
2019p599463,1,0,0,1,0,0,0,0,0,0
2019p598019,2,0,0,1,0,1,0,0,0,0
2019p598010,2,0,0,1,0,1,0,0,0,0
2019p597861,2,0,0,2,0,0,0,0,0,0
2019p597782,1,0,0,1,0,0,0,0,0,0
2019p597019,1,0,0,0,1,0,0,0,0,0
2019p597002,1,0,0,0,1,0,0,0,0,0
2019p596831,2,0,0,1,0,0,0,0,1,0
2019p596740,2,0,0,2,0,0,0,0,0,0
2019p596674,1,0,0,1,0,0,0,0,0,0
2019p596649,1,0,0,1,0,0,0,0,0,0
2019p596647,1,0,0,1,0,0,0,0,0,0
2019p596620,1,0,0,1,0,0,0,0,0,0
2019p596614,1,0,0,1,0,0,0,0,0,0
2019p596572,1,0,0,1,0,0,0,0,0,0
2019p595996,1,0,0,1,0,0,0,0,0,0
2019p595869,1,0,0,0,1,0,0,0,0,0
2019p595838,2,0,0,2,0,0,0,0,0,0
2019p595794,2,0,0,2,0,0,0,0,0,0
2019p595762,1,0,0,0,1,0,0,0,0,0
2019p595723,4,0,0,3,1,0,0,0,0,0
2019p595631,108,0,0,76,28,3,0,0,1,0
2019p595624,126,0,0,91,32,2,0,0,1,0
2019p595410,1,0,0,1,0,0,0,0,0,0
2019p595399,1,0,0,1,0,0,0,0,0,0
2019p595076,1,0,0,1,0,0,0,0,0,0
2019p595025,2,0,0,1,1,0,0,0,0,0
2019p594859,2,0,0,1,1,0,0,0,0,0
2019p593364,1,0,0,1,0,0,0,0,0,0
2019p593050,1,0,0,1,0,0,0,0,0,0
2019p592587,1,0,0,1,0,0,0,0,0,0
2019p592503,1,0,0,0,0,1,0,0,0,0
2019p592261,1,0,0,0,1,0,0,0,0,0
2019p591896,2,0,0,1,1,0,0,0,0,0
2019p591661,2,0,0,1,1,0,0,0,0,0
2019p591588,1,0,0,1,0,0,0,0,0,0
2019p591572,3,0,0,2,1,0,0,0,0,0
2019p590930,1,0,0,1,0,0,0,0,0,0
2019p590534,2,0,0,0,2,0,0,0,0,0
2019p590310,1,0,0,1,0,0,0,0,0,0
2019p590123,5,0,0,4,1,0,0,0,0,0
2019p590082,65,0,0,45,19,1,0,0,0,0
2019p588429,1,0,0,1,0,0,0,0,0,0
2019p588424,1,0,0,1,0,0,0,0,0,0
2019p587477,1,0,0,0,1,0,0,0,0,0
2019p587385,1,0,0,0,1,0,0,0,0,0
2019p587151,1,0,0,1,0,0,0,0,0,0
2019p586609,3,0,0,3,0,0,0,0,0,0
2019p586120,7,0,0,2,4,0,1,0,0,0
2019p586094,6,0,0,3,2,1,0,0,0,0
2019p585625,12,0,0,5,6,1,0,0,0,0
2019p585518,11,0,0,7,4,0,0,0,0,0
2019p584279,19,0,0,19,0,0,0,0,0,0
2019p584042,5,0,0,4,1,0,0,0,0,0
2019p583928,1,0,0,0,1,0,0,0,0,0
2019p581720,2,0,0,2,0,0,0,0,0,0
2019p580130,1,0,0,1,0,0,0,0,0,0
2019p580032,3,0,0,2,0,0,0,0,1,0
2019p579443,2,0,0,2,0,0,0,0,0,0
2019p578957,1,0,0,1,0,0,0,0,0,0
2019p578720,1,0,0,1,0,0,0,0,0,0
2019p577881,3,0,0,0,3,0,0,0,0,0
2019p577426,1,0,0,0,1,0,0,0,0,0
2019p577279,2,0,0,2,0,0,0,0,0,0
2019p577200,1,0,0,1,0,0,0,0,0,0
2019p576549,1,0,0,1,0,0,0,0,0,0
2019p575957,1,0,0,1,0,0,0,0,0,0
2019p575745,24,0,0,18,6,0,0,0,0,0
2019p575389,1,0,0,0,1,0,0,0,0,0
2019p575225,11,0,0,6,3,2,0,0,0,0
2019p575188,49,0,0,27,22,0,0,0,0,0
2019p575058,1,0,0,1,0,0,0,0,0,0
2019p574692,1,0,0,1,0,0,0,0,0,0
2019p574312,1,0,0,1,0,0,0,0,0,0
2019p573851,1,0,0,1,0,0,0,0,0,0
2019p573848,1,0,0,1,0,0,0,0,0,0
2019p573430,41,0,0,37,4,0,0,0,0,0
2019p821811,3,0,0,3,0,0,0,0,0,0
2019p821181,2,0,0,1,1,0,0,0,0,0
2019p819520,1,0,0,1,0,0,0,0,0,0
2019p817005,1,0,0,1,0,0,0,0,0,0
2019p816430,3,0,0,3,0,0,0,0,0,0
2019p814323,1,0,0,1,0,0,0,0,0,0
2019p813309,1,0,0,1,0,0,0,0,0,0
2019p810538,6,0,0,4,2,0,0,0,0,0
2019p805346,4,0,0,3,0,0,0,0,1,0
2019p804970,4,0,0,2,2,0,0,0,0,0
2019p802751,1,0,0,1,0,0,0,0,0,0
2019p796011,1,0,0,0,1,0,0,0,0,0
2019p793905,4,0,0,3,1,0,0,0,0,0
2019p792721,3,0,0,3,0,0,0,0,0,0
2019p791350,284,0,0,134,121,25,1,0,3,0
2019p791203,3,0,0,2,1,0,0,0,0,0
2019p784906,1,0,0,0,1,0,0,0,0,0
2019p784771,1,0,0,1,0,0,0,0,0,0
2019p783907,2,0,0,2,0,0,0,0,0,0
2019p781674,1,0,0,1,0,0,0,0,0,0
2019p780362,1,0,0,1,0,0,0,0,0,0
2019p776383,4,0,0,3,1,0,0,0,0,0
2019p775332,2,0,0,2,0,0,0,0,0,0
2019p773094,4,0,0,4,0,0,0,0,0,0
2019p772415,1,0,0,0,1,0,0,0,0,0
2019p771757,1,0,0,1,0,0,0,0,0,0
2019p770061,5,0,0,5,0,0,0,0,0,0
2019p766671,1,0,0,1,0,0,0,0,0,0
2019p765837,1,0,0,1,0,0,0,0,0,0
2019p765351,1,0,0,1,0,0,0,0,0,0
2019p762835,1,0,0,1,0,0,0,0,0,0
2019p760900,1,0,0,1,0,0,0,0,0,0
2019p760441,1,0,0,1,0,0,0,0,0,0
2019p759437,3,0,0,3,0,0,0,0,0,0
2019p757464,1,0,0,1,0,0,0,0,0,0
2019p755051,33,0,0,27,5,1,0,0,0,0
2019p754871,1,0,0,0,0,1,0,0,0,0
2019p754864,1,0,0,0,1,0,0,0,0,0
2019p754773,3,0,0,3,0,0,0,0,0,0
2019p754750,3,0,0,1,2,0,0,0,0,0
2019p754493,111,0,0,47,49,14,1,0,0,0
2019p754491,113,0,0,49,50,13,1,0,0,0
2019p754471,248,0,0,85,114,41,6,0,2,0
2019p754447,2552,0,0,1074,974,445,54,2,3,0
2019p752563,2,0,0,2,0,0,0,0,0,0
2019p752427,10,0,0,5,4,1,0,0,0,0
2019p752310,1,0,0,0,1,0,0,0,0,0
2019p752056,1,0,0,1,0,0,0,0,0,0
2019p750548,1,0,0,1,0,0,0,0,0,0
2019p747891,1,0,0,1,0,0,0,0,0,0
2019p746866,67,0,0,54,12,1,0,0,0,0
2019p746854,89,0,0,72,16,1,0,0,0,0
2019p741069,2,0,0,2,0,0,0,0,0,0
2019p740753,1,0,0,1,0,0,0,0,0,0
2019p739823,14,0,0,8,6,0,0,0,0,0
2019p738100,1,0,0,0,0,0,0,0,1,0
2019p735191,1,0,0,1,0,0,0,0,0,0
2019p733647,1,0,0,1,0,0,0,0,0,0
2019p733624,1,0,0,1,0,0,0,0,0,0
2019p733311,2,0,0,2,0,0,0,0,0,0
2019p731370,25,0,0,15,10,0,0,0,0,0
2019p728719,2,0,0,1,1,0,0,0,0,0
2019p725264,12,0,0,11,1,0,0,0,0,0
2019p722585,1,0,0,1,0,0,0,0,0,0
2019p722583,1,0,0,1,0,0,0,0,0,0
2019p719705,1,0,0,1,0,0,0,0,0,0
2019p719371,2,0,0,1,1,0,0,0,0,0
2019p717617,1,0,0,0,1,0,0,0,0,0
2019p717429,2,0,0,2,0,0,0,0,0,0
2019p711752,2,0,0,2,0,0,0,0,0,0
2019p709858,1,0,0,1,0,0,0,0,0,0
2019p709835,1,0,0,1,0,0,0,0,0,0
2019p709389,47,0,0,38,8,1,0,0,0,0
2019p706486,2,0,0,2,0,0,0,0,0,0
2019p703975,1,0,0,0,0,1,0,0,0,0
2019p703637,2,0,0,2,0,0,0,0,0,0
2019p701565,1,0,0,1,0,0,0,0,0,0
2019p700819,1,0,0,1,0,0,0,0,0,0
2019p698472,3,0,0,3,0,0,0,0,0,0
2019p696612,11,0,0,5,6,0,0,0,0,0
2019p696311,1,0,0,1,0,0,0,0,0,0
2019p692911,1,0,0,1,0,0,0,0,0,0
2019p691428,1,0,0,0,1,0,0,0,0,0
2019p686722,1,0,0,0,0,0,0,0,1,0
2019p685325,2,0,0,2,0,0,0,0,0,0
2019p685015,2,0,0,2,0,0,0,0,0,0
2019p683210,4,0,0,4,0,0,0,0,0,0
2019p682754,8,0,0,8,0,0,0,0,0,0
2019p677238,1,0,0,1,0,0,0,0,0,0
2019p677232,1,0,0,1,0,0,0,0,0,0
2019p676567,2,0,0,2,0,0,0,0,0,0
2019p676238,4,0,0,4,0,0,0,0,0,0
2019p675079,1,0,0,1,0,0,0,0,0,0
2019p673842,1,0,0,1,0,0,0,0,0,0
2019p672234,1,0,0,0,0,0,0,0,1,0
2019p671593,2,0,0,1,1,0,0,0,0,0
2019p669655,1,0,0,1,0,0,0,0,0,0
2019p667623,4,0,0,2,1,0,0,0,1,0
2019p666031,6,0,0,4,0,1,1,0,0,0
2019p664220,1,0,0,0,1,0,0,0,0,0
2019p663922,1,0,0,1,0,0,0,0,0,0
2019p661503,2,0,0,1,0,0,0,0,1,0
2019p660432,1,0,0,1,0,0,0,0,0,0
2019p660377,3,0,0,3,0,0,0,0,0,0
2019p655960,1,0,0,1,0,0,0,0,0,0
2019p655712,3,0,0,3,0,0,0,0,0,0
2019p650773,5,0,0,3,2,0,0,0,0,0
2019p647387,1,0,0,1,0,0,0,0,0,0
2019p647352,1,0,0,1,0,0,0,0,0,0
2019p646480,1,0,0,1,0,0,0,0,0,0
2019p646481,1,0,0,1,0,0,0,0,0,0
2019p643854,208,0,0,138,64,5,0,0,1,0
2019p639872,2,0,0,1,0,1,0,0,0,0
2019p632672,2,0,0,2,0,0,0,0,0,0
2019p629793,1,0,0,1,0,0,0,0,0,0
2019p629772,1,0,0,1,0,0,0,0,0,0
2019p629673,1,0,0,1,0,0,0,0,0,0
2019p627466,3,0,0,2,0,0,1,0,0,0
2019p625191,2,0,0,2,0,0,0,0,0,0
2019p623229,1,0,0,0,0,1,0,0,0,0
2019p621645,2,0,0,2,0,0,0,0,0,0
2019p621162,2,0,0,2,0,0,0,0,0,0
2019p619794,1,0,0,1,0,0,0,0,0,0
2019p618986,1,0,0,1,0,0,0,0,0,0
2019p618767,1,0,0,1,0,0,0,0,0,0
2019p617569,2,0,0,2,0,0,0,0,0,0
2019p616561,1,0,0,1,0,0,0,0,0,0
2019p611744,1,0,0,1,0,0,0,0,0,0
2019p611130,1,0,0,0,0,0,0,0,1,0
2019p611101,1,0,0,1,0,0,0,0,0,0
2019p610460,2,0,0,2,0,0,0,0,0,0
2019p607569,1,0,0,1,0,0,0,0,0,0
2019p606806,2,0,0,2,0,0,0,0,0,0
2019p606569,2,0,0,2,0,0,0,0,0,0
2019p605061,5,0,0,3,2,0,0,0,0,0
2019p604169,7,0,0,3,2,1,0,0,1,0
2019p600142,1,0,0,1,0,0,0,0,0,0
2019p598059,1,0,0,1,0,0,0,0,0,0
2019p595705,6,0,0,4,2,0,0,0,0,0
2019p591174,27,0,0,9,14,4,0,0,0,0
2019p591135,17,0,0,9,8,0,0,0,0,0
2019p590009,1,0,0,1,0,0,0,0,0,0
2019p585797,13,0,0,5,8,0,0,0,0,0
2019p585621,14,0,0,6,7,1,0,0,0,0
2019p581972,2,0,0,1,1,0,0,0,0,0
2019p578923,1,0,0,1,0,0,0,0,0,0
2019p577777,1,0,0,0,1,0,0,0,0,0
2019p577575,1,0,0,0,1,0,0,0,0,0
2019p577192,2,0,0,2,0,0,0,0,0,0
2019p576673,2,0,0,2,0,0,0,0,0,0
2019p574723,1,0,0,0,1,0,0,0,0,0
2019p821799,6,0,0,6,0,0,0,0,0,0
2019p821308,1,0,0,1,0,0,0,0,0,0
2019p819980,3,0,0,3,0,0,0,0,0,0
2019p815601,1,0,0,1,0,0,0,0,0,0
2019p815311,1,0,0,1,0,0,0,0,0,0
2019p814300,1,0,0,1,0,0,0,0,0,0
2019p813204,1,0,0,1,0,0,0,0,0,0
2019p812886,15,0,0,13,2,0,0,0,0,0
2019p811932,2,0,0,1,0,0,0,0,1,0
2019p811894,1,0,0,0,1,0,0,0,0,0
2019p811203,1,0,0,1,0,0,0,0,0,0
2019p810135,25,0,0,16,9,0,0,0,0,0
2019p809914,2,0,0,1,1,0,0,0,0,0
2019p809072,1,0,0,1,0,0,0,0,0,0
2019p805561,1,0,0,0,1,0,0,0,0,0
2019p804923,11,0,0,9,2,0,0,0,0,0
2019p804448,1,0,0,1,0,0,0,0,0,0
2019p802061,2,0,0,1,0,1,0,0,0,0
2019p801579,1,0,0,1,0,0,0,0,0,0
2019p800458,1,0,0,1,0,0,0,0,0,0
2019p799915,3,0,0,1,1,1,0,0,0,0
2019p799688,15,0,0,4,9,1,1,0,0,0
2019p799630,52,0,0,11,32,7,1,0,1,0
2019p798485,1,0,0,1,0,0,0,0,0,0
2019p798437,1,0,0,1,0,0,0,0,0,0
2019p797250,1,0,0,1,0,0,0,0,0,0
2019p796030,1,0,0,0,1,0,0,0,0,0
2019p795707,2,0,0,2,0,0,0,0,0,0
2019p794973,2,0,0,2,0,0,0,0,0,0
2019p792513,1,0,0,0,0,1,0,0,0,0
2019p791342,263,0,0,125,114,23,1,0,0,0
2019p789582,1,0,0,0,1,0,0,0,0,0
2019p787504,3,0,0,3,0,0,0,0,0,0
2019p785000,2,0,0,1,1,0,0,0,0,0
2019p784416,1,0,0,0,1,0,0,0,0,0
2019p783999,1,0,0,0,0,0,0,0,1,0
2019p782492,4,0,0,3,1,0,0,0,0,0
2019p782192,1,0,0,1,0,0,0,0,0,0
2019p778986,2,0,0,2,0,0,0,0,0,0
2019p773998,2,0,0,2,0,0,0,0,0,0
2019p773895,1,0,0,1,0,0,0,0,0,0
2019p773277,10,0,0,8,2,0,0,0,0,0
2019p772233,3,0,0,1,0,0,0,0,2,0
2019p770962,1,0,0,1,0,0,0,0,0,0
2019p770670,1,0,0,1,0,0,0,0,0,0
2019p768880,1,0,0,1,0,0,0,0,0,0
2019p768323,1,0,0,1,0,0,0,0,0,0
2019p768086,7,0,0,7,0,0,0,0,0,0
2019p767501,1,0,0,1,0,0,0,0,0,0
2019p767046,1,0,0,0,0,1,0,0,0,0
2019p765797,1,0,0,1,0,0,0,0,0,0
2019p764688,2,0,0,1,0,1,0,0,0,0
2019p763314,10,0,0,9,1,0,0,0,0,0
2019p762342,2,0,0,2,0,0,0,0,0,0
2019p760749,1,0,0,0,0,0,1,0,0,0
2019p760592,1,0,0,1,0,0,0,0,0,0
2019p758692,2,0,0,2,0,0,0,0,0,0
2019p757523,1,0,0,1,0,0,0,0,0,0
2019p757021,1,0,0,1,0,0,0,0,0,0
2019p756923,4,0,0,4,0,0,0,0,0,0
2019p756540,1,0,0,1,0,0,0,0,0,0
2019p756514,1,0,0,1,0,0,0,0,0,0
2019p756467,5,0,0,3,2,0,0,0,0,0
2019p756322,3,0,0,3,0,0,0,0,0,0
2019p756195,1,0,0,1,0,0,0,0,0,0
2019p755367,1,0,0,0,1,0,0,0,0,0
2019p755360,1,0,0,0,1,0,0,0,0,0
2019p755062,32,0,0,26,4,1,1,0,0,0
2019p755060,33,0,0,27,4,1,1,0,0,0
2019p754723,7,0,0,3,3,0,1,0,0,0
2019p754717,7,0,0,3,2,1,1,0,0,0
2019p754330,1,0,0,0,1,0,0,0,0,0
2019p754276,3,0,0,3,0,0,0,0,0,0
2019p753890,1,0,0,1,0,0,0,0,0,0
2019p753735,1,0,0,1,0,0,0,0,0,0
2019p753648,2,0,0,2,0,0,0,0,0,0
2019p753461,1,0,0,1,0,0,0,0,0,0
2019p753384,1,0,0,1,0,0,0,0,0,0
2019p752453,28,0,0,19,9,0,0,0,0,0
2019p752375,2,0,0,2,0,0,0,0,0,0
2019p752213,10,0,0,7,2,1,0,0,0,0
2019p752201,10,0,0,7,2,1,0,0,0,0
2019p752074,2,0,0,2,0,0,0,0,0,0
2019p751490,1,0,0,1,0,0,0,0,0,0
2019p750535,1,0,0,1,0,0,0,0,0,0
2019p749998,2,0,0,2,0,0,0,0,0,0
2019p749979,2,0,0,2,0,0,0,0,0,0
2019p749850,1,0,0,1,0,0,0,0,0,0
2019p749330,2,0,0,2,0,0,0,0,0,0
2019p749240,4,0,0,1,3,0,0,0,0,0
2019p749225,4,0,0,3,1,0,0,0,0,0
2019p749054,1,0,0,0,1,0,0,0,0,0
2019p747977,1,0,0,1,0,0,0,0,0,0
2019p747072,1,0,0,1,0,0,0,0,0,0
2019p746816,2,0,0,2,0,0,0,0,0,0
2019p746536,1,0,0,1,0,0,0,0,0,0
2019p746334,1,0,0,1,0,0,0,0,0,0
2019p746324,1,0,0,1,0,0,0,0,0,0
2019p746089,1,0,0,1,0,0,0,0,0,0
2019p746074,1,0,0,1,0,0,0,0,0,0
2019p746067,4,0,0,4,0,0,0,0,0,0
2019p746065,4,0,0,4,0,0,0,0,0,0
2019p746033,1,0,0,1,0,0,0,0,0,0
2019p745260,1,0,0,0,1,0,0,0,0,0
2019p744884,1,0,0,1,0,0,0,0,0,0
2019p744658,1,0,0,1,0,0,0,0,0,0
2019p744421,1,0,0,1,0,0,0,0,0,0
2019p744409,2,0,0,2,0,0,0,0,0,0
2019p744380,1,0,0,1,0,0,0,0,0,0
2019p744321,2,0,0,2,0,0,0,0,0,0
2019p744316,2,0,0,2,0,0,0,0,0,0
2019p744280,3,0,0,3,0,0,0,0,0,0
2019p744164,2,0,0,2,0,0,0,0,0,0
2019p744114,3,0,0,3,0,0,0,0,0,0
2019p743992,3,0,0,2,1,0,0,0,0,0
2019p743499,2,0,0,1,1,0,0,0,0,0
2019p743397,1,0,0,0,1,0,0,0,0,0
2019p743393,1,0,0,0,1,0,0,0,0,0
2019p743318,3,0,0,2,1,0,0,0,0,0
2019p743256,1,0,0,0,1,0,0,0,0,0
2019p743106,2,0,0,2,0,0,0,0,0,0
2019p743054,2,0,0,0,1,0,0,0,1,0
2019p742764,1,0,0,1,0,0,0,0,0,0
2019p742700,1,0,0,0,1,0,0,0,0,0
2019p742490,1,0,0,1,0,0,0,0,0,0
2019p742455,2,0,0,2,0,0,0,0,0,0
2019p742141,2,0,0,2,0,0,0,0,0,0
2019p742128,2,0,0,2,0,0,0,0,0,0
2019p742123,2,0,0,2,0,0,0,0,0,0
2019p741994,2,0,0,0,2,0,0,0,0,0
2019p741962,1,0,0,0,1,0,0,0,0,0
2019p741883,1,0,0,0,1,0,0,0,0,0
2019p741840,1,0,0,1,0,0,0,0,0,0
2019p741752,1,0,0,1,0,0,0,0,0,0
2019p741676,41,0,0,23,15,3,0,0,0,0
2019p741409,1,0,0,1,0,0,0,0,0,0
2019p741346,5,0,0,5,0,0,0,0,0,0
2019p741345,5,0,0,5,0,0,0,0,0,0
2019p741242,13,0,0,12,1,0,0,0,0,0
2019p741240,35,0,0,27,8,0,0,0,0,0
2019p741217,59,0,0,43,14,2,0,0,0,0
2019p741206,6,0,0,3,3,0,0,0,0,0
2019p741201,7,0,0,4,3,0,0,0,0,0
2019p741161,70,0,0,49,18,2,1,0,0,0
2019p741055,1,0,0,1,0,0,0,0,0,0
2019p740882,2,0,0,1,1,0,0,0,0,0
2019p740628,3,0,0,3,0,0,0,0,0,0
2019p740615,2,0,0,2,0,0,0,0,0,0
2019p740517,2,0,0,0,1,0,0,0,1,0
2019p740494,2,0,0,2,0,0,0,0,0,0
2019p740424,2,0,0,2,0,0,0,0,0,0
2019p740401,1,0,0,1,0,0,0,0,0,0
2019p740236,2,0,0,1,0,1,0,0,0,0
2019p740218,1,0,0,1,0,0,0,0,0,0
2019p740186,3,0,0,2,1,0,0,0,0,0
2019p740183,3,0,0,2,1,0,0,0,0,0
2019p740181,4,0,0,3,1,0,0,0,0,0
2019p740146,2,0,0,0,2,0,0,0,0,0
2019p740103,18,0,0,8,9,1,0,0,0,0
2019p740104,18,0,0,8,9,1,0,0,0,0
2019p740079,3,0,0,2,1,0,0,0,0,0
2019p740012,3,0,0,1,1,1,0,0,0,0
2019p739939,3,0,0,2,0,1,0,0,0,0
2019p739876,8,0,0,2,5,1,0,0,0,0
2019p739821,13,0,0,8,5,0,0,0,0,0
2019p739799,13,0,0,8,5,0,0,0,0,0
2019p739774,3,0,0,2,1,0,0,0,0,0
2019p739769,4,0,0,3,1,0,0,0,0,0
2019p739750,10,0,0,6,3,1,0,0,0,0
2019p739664,2,0,0,2,0,0,0,0,0,0
2019p739650,2,0,0,2,0,0,0,0,0,0
2019p739642,2,0,0,2,0,0,0,0,0,0
2019p739600,13,0,0,6,7,0,0,0,0,0
2019p739584,25,0,0,17,8,0,0,0,0,0
2019p739568,46,0,0,22,20,3,0,1,0,0
2019p739565,47,0,0,22,20,4,0,1,0,0
2019p739546,103,0,0,28,60,12,1,1,1,0
2019p739538,201,0,0,56,119,23,1,0,2,0
2019p739518,467,0,0,145,265,53,3,0,1,0
2019p739509,354,0,0,116,196,39,3,0,0,0
2019p739224,1,0,0,1,0,0,0,0,0,0
2019p739200,1,0,0,0,1,0,0,0,0,0
2019p739192,1,0,0,0,1,0,0,0,0,0
2019p739142,1,0,0,1,0,0,0,0,0,0
2019p739123,5,0,0,4,1,0,0,0,0,0
2019p739111,5,0,0,4,1,0,0,0,0,0
2019p739060,2,0,0,1,0,1,0,0,0,0
2019p739036,3,0,0,3,0,0,0,0,0,0
2019p739033,4,0,0,4,0,0,0,0,0,0
2019p739024,4,0,0,4,0,0,0,0,0,0
2019p739015,4,0,0,3,0,1,0,0,0,0
2019p738996,6,0,0,4,0,2,0,0,0,0
2019p738984,4,0,0,3,0,1,0,0,0,0
2019p738969,6,0,0,5,1,0,0,0,0,0
2019p738966,9,0,0,8,1,0,0,0,0,0
2019p738963,10,0,0,8,1,1,0,0,0,0
2019p738949,45,0,0,32,11,2,0,0,0,0
2019p738910,5,0,0,4,1,0,0,0,0,0
2019p738898,5,0,0,4,1,0,0,0,0,0
2019p738892,6,0,0,5,1,0,0,0,0,0
2019p738890,4,0,0,4,0,0,0,0,0,0
2019p738876,2,0,0,1,0,0,0,0,1,0
2019p738874,2,0,0,1,0,0,0,0,1,0
2019p738834,5,0,0,3,0,2,0,0,0,0
2019p738811,7,0,0,6,0,0,0,1,0,0
2019p738800,8,0,0,5,1,0,0,1,1,0
2019p738798,9,0,0,6,1,0,0,1,1,0
2019p738792,9,0,0,6,1,0,0,1,1,0
2019p738768,14,0,0,9,4,0,0,0,1,0
2019p738763,21,0,0,12,7,1,0,0,1,0
2019p738754,67,0,0,46,19,1,0,0,1,0
2019p738702,6,0,0,4,2,0,0,0,0,0
2019p738692,4,0,0,3,1,0,0,0,0,0
2019p738651,15,0,0,6,5,4,0,0,0,0
2019p738637,16,0,0,7,5,4,0,0,0,0
2019p738629,7,0,0,3,3,1,0,0,0,0
2019p738622,8,0,0,3,3,2,0,0,0,0
2019p738619,8,0,0,3,3,2,0,0,0,0
2019p738573,13,0,0,5,4,3,1,0,0,0
2019p738564,23,0,0,9,9,4,0,0,1,0
2019p738554,23,0,0,10,8,4,0,0,1,0
2019p738550,26,0,0,11,9,4,1,0,1,0
2019p738546,25,0,0,10,9,4,1,0,1,0
2019p738534,23,0,0,12,7,2,2,0,0,0
2019p738530,30,0,0,14,10,4,2,0,0,0
2019p738528,30,0,0,13,11,4,2,0,0,0
2019p738525,32,0,0,14,12,4,2,0,0,0
2019p738511,55,0,0,25,21,9,0,0,0,0
2019p738503,70,0,0,30,30,9,1,0,0,0
2019p738498,75,0,0,36,29,7,2,0,1,0
2019p738496,77,0,0,37,29,8,2,0,1,0
2019p738489,94,0,0,45,38,8,2,0,1,0
2019p738486,101,0,0,50,38,9,3,0,1,0
2019p738482,114,0,0,50,48,12,3,0,1,0
2019p738478,143,0,0,63,59,16,3,0,2,0
2019p738468,227,0,0,84,96,40,5,0,2,0
2019p738462,291,0,0,103,125,52,9,0,2,0
2019p738458,363,0,0,138,146,64,12,0,3,0
2019p738453,466,0,0,184,184,80,15,0,3,0
2019p738441,1595,0,0,564,704,271,50,1,5,0
2019p738432,3314,0,0,1268,1419,529,90,3,5,0
2019p735796,1,0,0,1,0,0,0,0,0,0
2019p733613,1,0,0,1,0,0,0,0,0,0
2019p732942,2,0,0,2,0,0,0,0,0,0
2019p728407,179,0,0,78,86,12,3,0,0,0
2019p728331,1,0,0,0,1,0,0,0,0,0
2019p728266,1,0,0,0,1,0,0,0,0,0
2019p725596,1,0,0,1,0,0,0,0,0,0
2019p724860,1,0,0,1,0,0,0,0,0,0
2019p723225,1,0,0,1,0,0,0,0,0,0
2019p722501,1,0,0,1,0,0,0,0,0,0
2019p722254,1,0,0,0,1,0,0,0,0,0
2019p721718,2,0,0,2,0,0,0,0,0,0
2019p721513,1,0,0,1,0,0,0,0,0,0
2019p721221,1,0,0,1,0,0,0,0,0,0
2019p714941,8,0,0,3,4,1,0,0,0,0
2019p714542,3,0,0,3,0,0,0,0,0,0
2019p709096,2,0,0,2,0,0,0,0,0,0
2019p707631,1,0,0,1,0,0,0,0,0,0
2019p707381,4,0,0,2,2,0,0,0,0,0
2019p706460,2,0,0,1,1,0,0,0,0,0
2019p706148,5,0,0,2,0,0,0,0,3,0
2019p706141,5,0,0,2,0,0,0,0,3,0
2019p706020,2,0,0,2,0,0,0,0,0,0
2019p705635,1,0,0,0,1,0,0,0,0,0
2019p701648,1,0,0,1,0,0,0,0,0,0
2019p700180,1,0,0,1,0,0,0,0,0,0
2019p698703,1,0,0,1,0,0,0,0,0,0
2019p698510,1,0,0,1,0,0,0,0,0,0
2019p698257,4,0,0,3,0,0,0,0,1,0
2019p696579,99,0,0,60,33,5,1,0,0,0
2019p695494,3,0,0,3,0,0,0,0,0,0
2019p694301,9,0,0,7,2,0,0,0,0,0
2019p694021,1,0,0,0,0,0,1,0,0,0
2019p693068,2,0,0,1,1,0,0,0,0,0
2019p692514,1,0,0,1,0,0,0,0,0,0
2019p691888,1,0,0,1,0,0,0,0,0,0
2019p691525,1,0,0,0,0,0,1,0,0,0
2019p689434,1,0,0,1,0,0,0,0,0,0
2019p687325,1,0,0,1,0,0,0,0,0,0
2019p687263,2,0,0,2,0,0,0,0,0,0
2019p685603,2,0,0,2,0,0,0,0,0,0
2019p685500,1,0,0,0,1,0,0,0,0,0
2019p685350,1,0,0,1,0,0,0,0,0,0
2019p684625,23,0,0,20,3,0,0,0,0,0
2019p683940,1,0,0,1,0,0,0,0,0,0
2019p683206,4,0,0,4,0,0,0,0,0,0
2019p681974,1,0,0,1,0,0,0,0,0,0
2019p680633,1,0,0,1,0,0,0,0,0,0
2019p680453,1,0,0,1,0,0,0,0,0,0
2019p679906,21,0,0,17,4,0,0,0,0,0
2019p679063,3,0,0,3,0,0,0,0,0,0
2019p674182,1,0,0,1,0,0,0,0,0,0
2019p672125,1,0,0,1,0,0,0,0,0,0
2019p670652,2,0,0,2,0,0,0,0,0,0
2019p670487,3,0,0,2,1,0,0,0,0,0
2019p670022,3,0,0,2,1,0,0,0,0,0
2019p669792,1,0,0,0,1,0,0,0,0,0
2019p669032,1,0,0,1,0,0,0,0,0,0
2019p668789,1,0,0,1,0,0,0,0,0,0
2019p666077,17,0,0,10,3,2,0,1,1,0
2019p665898,31,0,0,24,4,0,2,0,1,0
2019p665837,28,0,0,20,5,1,2,0,0,0
2019p665537,1,0,0,1,0,0,0,0,0,0
2019p664629,1,0,0,1,0,0,0,0,0,0
2019p664414,3,0,0,3,0,0,0,0,0,0
2019p663779,23,0,0,16,7,0,0,0,0,0
2019p660745,2,0,0,1,1,0,0,0,0,0
2019p659318,1,0,0,1,0,0,0,0,0,0
2019p656602,1,0,0,1,0,0,0,0,0,0
2019p656014,3,0,0,2,1,0,0,0,0,0
2019p655810,1,0,0,1,0,0,0,0,0,0
2019p655564,1,0,0,1,0,0,0,0,0,0
2019p654690,1,0,0,1,0,0,0,0,0,0
2019p654348,1,0,0,1,0,0,0,0,0,0
2019p652859,1,0,0,1,0,0,0,0,0,0
2019p651106,1,0,0,1,0,0,0,0,0,0
2019p650019,1,0,0,0,1,0,0,0,0,0
2019p649076,2,0,0,2,0,0,0,0,0,0
2019p646699,1,0,0,1,0,0,0,0,0,0
2019p644813,1,0,0,1,0,0,0,0,0,0
2019p643728,7,0,0,3,4,0,0,0,0,0
2019p640048,1,0,0,1,0,0,0,0,0,0
2019p638697,2,0,0,2,0,0,0,0,0,0
2019p636647,1,0,0,0,1,0,0,0,0,0
2019p636605,1,0,0,1,0,0,0,0,0,0
2019p635966,2,0,0,1,1,0,0,0,0,0
2019p635514,1,0,0,1,0,0,0,0,0,0
2019p633668,2,0,0,2,0,0,0,0,0,0
2019p633664,3,0,0,3,0,0,0,0,0,0
2019p633632,3,0,0,1,2,0,0,0,0,0
2019p633600,19,0,0,19,0,0,0,0,0,0
2019p633593,17,0,0,17,0,0,0,0,0,0
2019p632099,1,0,0,0,1,0,0,0,0,0
2019p630975,159,0,0,72,70,16,1,0,0,0
2019p627948,2,0,0,1,0,1,0,0,0,0
2019p627911,2,0,0,2,0,0,0,0,0,0
2019p627834,7,0,0,6,1,0,0,0,0,0
2019p627686,2,0,0,2,0,0,0,0,0,0
2019p627650,1,0,0,0,1,0,0,0,0,0
2019p626488,1,0,0,1,0,0,0,0,0,0
2019p624566,2,0,0,1,0,0,0,0,1,0
2019p623825,1,0,0,1,0,0,0,0,0,0
2019p623671,1,0,0,1,0,0,0,0,0,0
2019p623014,1,0,0,1,0,0,0,0,0,0
2019p622021,4,0,0,4,0,0,0,0,0,0
2019p621811,2,0,0,2,0,0,0,0,0,0
2019p619183,1,0,0,1,0,0,0,0,0,0
2019p617573,2,0,0,2,0,0,0,0,0,0
2019p615896,3,0,0,3,0,0,0,0,0,0
2019p614584,2,0,0,2,0,0,0,0,0,0
2019p614479,1,0,0,1,0,0,0,0,0,0
2019p612934,1,0,0,1,0,0,0,0,0,0
2019p610133,2,0,0,1,1,0,0,0,0,0
2019p609078,1,0,0,1,0,0,0,0,0,0
2019p608494,2,0,0,1,0,1,0,0,0,0
2019p605516,2,0,0,0,2,0,0,0,0,0
2019p605511,2,0,0,0,2,0,0,0,0,0
2019p604575,2,0,0,2,0,0,0,0,0,0
2019p603816,1,0,0,0,1,0,0,0,0,0
2019p603423,3,0,0,3,0,0,0,0,0,0
2019p602983,2,0,0,1,1,0,0,0,0,0
2019p602592,10,0,0,6,4,0,0,0,0,0
2019p601111,1,0,0,1,0,0,0,0,0,0
2019p601048,10,0,0,7,3,0,0,0,0,0
2019p601041,20,0,0,15,5,0,0,0,0,0
2019p600896,3,0,0,3,0,0,0,0,0,0
2019p600748,1,0,0,1,0,0,0,0,0,0
2019p599389,1,0,0,1,0,0,0,0,0,0
2019p598458,2,0,0,1,1,0,0,0,0,0
2019p598389,1,0,0,1,0,0,0,0,0,0
2019p598294,1,0,0,1,0,0,0,0,0,0
2019p598230,2,0,0,2,0,0,0,0,0,0
2019p598229,2,0,0,2,0,0,0,0,0,0
2019p597204,1,0,0,1,0,0,0,0,0,0
2019p597010,1,0,0,0,1,0,0,0,0,0
2019p596680,1,0,0,1,0,0,0,0,0,0
2019p595810,2,0,0,2,0,0,0,0,0,0
2019p595101,1,0,0,1,0,0,0,0,0,0
2019p593986,1,0,0,1,0,0,0,0,0,0
2019p593967,1,0,0,1,0,0,0,0,0,0
2019p592676,1,0,0,1,0,0,0,0,0,0
2019p591268,5,0,0,3,2,0,0,0,0,0
2019p590538,2,0,0,0,2,0,0,0,0,0
2019p590529,2,0,0,0,2,0,0,0,0,0
2019p590349,1,0,0,0,0,1,0,0,0,0
2019p590321,1,0,0,1,0,0,0,0,0,0
2019p589584,11,0,0,8,3,0,0,0,0,0
2019p589489,3,0,0,2,0,0,0,0,1,0
2019p586799,1,0,0,1,0,0,0,0,0,0
2019p586761,2,0,0,1,1,0,0,0,0,0
2019p584563,1,0,0,0,1,0,0,0,0,0
2019p584424,1,0,0,1,0,0,0,0,0,0
2019p584304,19,0,0,19,0,0,0,0,0,0
2019p584002,2,0,0,2,0,0,0,0,0,0
2019p582141,2,0,0,1,1,0,0,0,0,0
2019p578715,1,0,0,1,0,0,0,0,0,0
2019p576574,1,0,0,1,0,0,0,0,0,0
2019p576188,3,0,0,2,1,0,0,0,0,0
2019p576187,3,0,0,2,1,0,0,0,0,0
2019p575215,13,0,0,7,3,2,0,0,1,0
2019p818974,1,0,0,1,0,0,0,0,0,0
2019p817285,1,0,0,1,0,0,0,0,0,0
2019p817207,1,0,0,1,0,0,0,0,0,0
2019p816302,1,0,0,1,0,0,0,0,0,0
2019p814356,1,0,0,1,0,0,0,0,0,0
2019p811820,2,0,0,1,0,1,0,0,0,0
2019p811345,1,0,0,1,0,0,0,0,0,0
2019p811159,2,0,0,0,1,0,0,0,1,0
2019p809795,1,0,0,1,0,0,0,0,0,0
2019p809319,3,0,0,1,0,0,0,0,2,0
2019p809258,1,0,0,1,0,0,0,0,0,0
2019p803754,1,0,0,1,0,0,0,0,0,0
2019p803000,1,0,0,0,0,0,0,0,1,0
2019p802680,3,0,0,3,0,0,0,0,0,0
2019p802581,1,0,0,0,0,0,0,0,1,0
2019p801086,30,0,0,19,10,1,0,0,0,0
2019p799922,5,0,0,2,1,2,0,0,0,0
2019p799590,1166,0,0,344,673,115,32,0,2,0
2019p792186,1,0,0,1,0,0,0,0,0,0
2019p791395,26,0,0,14,8,4,0,0,0,0
2019p790971,79,0,0,43,35,0,0,0,1,0
2019p790964,89,0,0,51,36,1,0,0,1,0
2019p790278,3,0,0,3,0,0,0,0,0,0
2019p785285,1,0,0,1,0,0,0,0,0,0
2019p783090,1,0,0,1,0,0,0,0,0,0
2019p773039,5,0,0,4,1,0,0,0,0,0
2019p772734,3,0,0,1,1,0,0,0,1,0
2019p770754,1,0,0,0,1,0,0,0,0,0
2019p770042,16,0,0,15,1,0,0,0,0,0
2019p769894,1,0,0,0,0,0,0,0,1,0
2019p769472,1,0,0,1,0,0,0,0,0,0
2019p768788,1,0,0,1,0,0,0,0,0,0
2019p767400,1,0,0,1,0,0,0,0,0,0
2019p766668,1,0,0,1,0,0,0,0,0,0
2019p758087,1,0,0,1,0,0,0,0,0,0
2019p754733,3,0,0,1,2,0,0,0,0,0
2019p752478,441,0,0,301,131,5,2,1,1,0
2019p752017,2,0,0,1,1,0,0,0,0,0
2019p749380,4,0,0,1,1,0,0,0,2,0
2019p744247,3,0,0,2,1,0,0,0,0,0
2019p741539,5,0,0,4,0,0,0,0,1,0
2019p740850,2,0,0,1,0,1,0,0,0,0
2019p740234,1,0,0,0,0,1,0,0,0,0
2019p735125,3,0,0,3,0,0,0,0,0,0
2019p734040,1,0,0,1,0,0,0,0,0,0
2019p730713,3,0,0,2,1,0,0,0,0,0
2019p729996,2,0,0,1,1,0,0,0,0,0
2019p725274,14,0,0,12,2,0,0,0,0,0
2019p723865,1,0,0,1,0,0,0,0,0,0
2019p717725,5,0,0,3,2,0,0,0,0,0
2019p717178,3,0,0,3,0,0,0,0,0,0
2019p716933,1,0,0,1,0,0,0,0,0,0
2019p714523,3,0,0,3,0,0,0,0,0,0
2019p713198,3,0,0,0,0,0,0,0,3,0
2019p711208,6,0,0,6,0,0,0,0,0,0
2019p711034,3,0,0,3,0,0,0,0,0,0
2019p709318,1,0,0,1,0,0,0,0,0,0
2019p708208,1,0,0,0,1,0,0,0,0,0
2019p707055,1,0,0,1,0,0,0,0,0,0
2019p707039,1,0,0,1,0,0,0,0,0,0
2019p704283,1,0,0,1,0,0,0,0,0,0
2019p699751,1,0,0,1,0,0,0,0,0,0
2019p698377,5,0,0,5,0,0,0,0,0,0
2019p696698,6,0,0,2,4,0,0,0,0,0
2019p695794,1,0,0,1,0,0,0,0,0,0
2019p694728,1,0,0,1,0,0,0,0,0,0
2019p693018,1,0,0,1,0,0,0,0,0,0
2019p692903,1,0,0,1,0,0,0,0,0,0
2019p691529,1,0,0,0,0,0,1,0,0,0
2019p688987,3,0,0,3,0,0,0,0,0,0
2019p688076,2,0,0,1,1,0,0,0,0,0
2019p685765,2,0,0,2,0,0,0,0,0,0
2019p684858,1,0,0,1,0,0,0,0,0,0
2019p681388,3,0,0,3,0,0,0,0,0,0
2019p679290,1,0,0,1,0,0,0,0,0,0
2019p676635,2,0,0,2,0,0,0,0,0,0
2019p676617,1,0,0,1,0,0,0,0,0,0
2019p674896,1,0,0,0,0,0,0,0,1,0
2019p674310,1,0,0,1,0,0,0,0,0,0
2019p673758,1,0,0,0,1,0,0,0,0,0
2019p668537,1,0,0,1,0,0,0,0,0,0
2019p668526,1,0,0,1,0,0,0,0,0,0
2019p668413,2,0,0,2,0,0,0,0,0,0
2019p668402,2,0,0,2,0,0,0,0,0,0
2019p665967,7,0,0,7,0,0,0,0,0,0
2019p663433,5,0,0,2,3,0,0,0,0,0
2019p660112,5,0,0,5,0,0,0,0,0,0
2019p659648,2,0,0,2,0,0,0,0,0,0
2019p658805,2,0,0,2,0,0,0,0,0,0
2019p658483,6,0,0,3,3,0,0,0,0,0
2019p657770,2,0,0,2,0,0,0,0,0,0
2019p653719,3,0,0,3,0,0,0,0,0,0
2019p651992,1,0,0,1,0,0,0,0,0,0
2019p651775,1,0,0,1,0,0,0,0,0,0
2019p648814,1,0,0,1,0,0,0,0,0,0
2019p646752,2,0,0,1,0,0,0,0,1,0
2019p646069,1,0,0,0,1,0,0,0,0,0
2019p643704,176,0,0,118,56,2,0,0,0,0
2019p641134,1,0,0,1,0,0,0,0,0,0
2019p639395,1,0,0,0,1,0,0,0,0,0
2019p635978,3,0,0,2,1,0,0,0,0,0
2019p635583,2,0,0,1,1,0,0,0,0,0
2019p634016,1,0,0,1,0,0,0,0,0,0
2019p632022,2,0,0,0,2,0,0,0,0,0
2019p630372,14,0,0,10,3,1,0,0,0,0
2019p629405,1,0,0,1,0,0,0,0,0,0
2019p626483,1,0,0,1,0,0,0,0,0,0
2019p625369,1,0,0,1,0,0,0,0,0,0
2019p624556,4,0,0,3,0,0,0,0,1,0
2019p624216,1,0,0,1,0,0,0,0,0,0
2019p623514,1,0,0,0,1,0,0,0,0,0
2019p623206,1,0,0,0,0,1,0,0,0,0
2019p622906,2,0,0,2,0,0,0,0,0,0
2019p620292,1,0,0,1,0,0,0,0,0,0
2019p617860,1,0,0,1,0,0,0,0,0,0
2019p614893,1,0,0,0,1,0,0,0,0,0
2019p613184,1,0,0,0,0,0,0,0,1,0
2019p612593,1,0,0,1,0,0,0,0,0,0
2019p611918,2,0,0,1,1,0,0,0,0,0
2019p611076,1,0,0,1,0,0,0,0,0,0
2019p610937,1,0,0,0,1,0,0,0,0,0
2019p610121,2,0,0,1,1,0,0,0,0,0
2019p610037,1,0,0,0,1,0,0,0,0,0
2019p609297,2,0,0,2,0,0,0,0,0,0
2019p605626,1,0,0,1,0,0,0,0,0,0
2019p604856,19,0,0,12,3,3,1,0,0,0
2019p604082,16,0,0,11,4,0,0,0,1,0
2019p598864,25,0,0,1,24,0,0,0,0,0
2019p598175,2,0,0,2,0,0,0,0,0,0
2019p594066,4,0,0,3,1,0,0,0,0,0
2019p593710,1,0,0,0,1,0,0,0,0,0
2019p590228,4,0,0,2,0,1,0,0,1,0
2019p586050,10,0,0,2,6,1,0,1,0,0
2019p584934,3,0,0,3,0,0,0,0,0,0
2019p581568,1,0,0,1,0,0,0,0,0,0
2019p581495,1,0,0,1,0,0,0,0,0,0
2019p577770,1,0,0,0,1,0,0,0,0,0
2019p577729,3,0,0,3,0,0,0,0,0,0
2019p577702,1,0,0,1,0,0,0,0,0,0
2019p576964,1,0,0,0,1,0,0,0,0,0
2019p821169,2,0,0,1,1,0,0,0,0,0
2019p821133,1,0,0,1,0,0,0,0,0,0
2019p821129,1,0,0,1,0,0,0,0,0,0
2019p820224,23,0,0,15,8,0,0,0,0,0
2019p820164,1,0,0,1,0,0,0,0,0,0
2019p820163,1,0,0,1,0,0,0,0,0,0
2019p819806,1,0,0,1,0,0,0,0,0,0
2019p819726,1,0,0,1,0,0,0,0,0,0
2019p819532,1,0,0,1,0,0,0,0,0,0
2019p818878,19,0,0,16,3,0,0,0,0,0
2019p818648,3,0,0,3,0,0,0,0,0,0
2019p818645,3,0,0,3,0,0,0,0,0,0
2019p817916,1,0,0,1,0,0,0,0,0,0
2019p817646,2,0,0,2,0,0,0,0,0,0
2019p817293,2,0,0,2,0,0,0,0,0,0
2019p817285,1,0,0,1,0,0,0,0,0,0
2019p816455,1,0,0,1,0,0,0,0,0,0
2019p814902,1,0,0,1,0,0,0,0,0,0
2019p813248,3,0,0,3,0,0,0,0,0,0
2019p812549,1,0,0,1,0,0,0,0,0,0
2019p812352,1,0,0,1,0,0,0,0,0,0
2019p810366,10,0,0,8,2,0,0,0,0,0
2019p810361,8,0,0,5,3,0,0,0,0,0
2019p810200,23,0,0,11,11,1,0,0,0,0
2019p810194,19,0,0,8,9,2,0,0,0,0
2019p810169,21,0,0,14,5,2,0,0,0,0
2019p810082,60,0,0,34,24,2,0,0,0,0
2019p809257,1,0,0,1,0,0,0,0,0,0
2019p808894,1,0,0,1,0,0,0,0,0,0
2019p807843,2,0,0,2,0,0,0,0,0,0
2019p807797,24,0,0,18,6,0,0,0,0,0
2019p806531,3,0,0,3,0,0,0,0,0,0
2019p805901,1,0,0,1,0,0,0,0,0,0
2019p805744,1,0,0,1,0,0,0,0,0,0
2019p805173,1,0,0,0,0,1,0,0,0,0
2019p804976,5,0,0,3,2,0,0,0,0,0
2019p804878,297,0,0,209,83,5,0,0,0,0
2019p803025,2,0,0,1,0,0,0,0,1,0
2019p802428,1,0,0,0,0,0,0,0,1,0
2019p802199,2,0,0,2,0,0,0,0,0,0
2019p802034,2,0,0,2,0,0,0,0,0,0
2019p800778,1,0,0,1,0,0,0,0,0,0
2019p800415,1,0,0,1,0,0,0,0,0,0
2019p798519,1,0,0,1,0,0,0,0,0,0
2019p798180,2,0,0,1,0,0,0,0,1,0
2019p798165,1,0,0,1,0,0,0,0,0,0
2019p797840,1,0,0,1,0,0,0,0,0,0
2019p797339,2,0,0,2,0,0,0,0,0,0
2019p797172,1,0,0,0,0,1,0,0,0,0
2019p796507,3,0,0,1,2,0,0,0,0,0
2019p795601,2,0,0,2,0,0,0,0,0,0
2019p795390,1,0,0,1,0,0,0,0,0,0
2019p794488,1,0,0,1,0,0,0,0,0,0
2019p792977,1,0,0,1,0,0,0,0,0,0
2019p791501,2,0,0,2,0,0,0,0,0,0
2019p791466,3,0,0,0,3,0,0,0,0,0
2019p791271,3,0,0,3,0,0,0,0,0,0
2019p791032,5,0,0,3,2,0,0,0,0,0
2019p790285,3,0,0,3,0,0,0,0,0,0
2019p790016,3,0,0,2,1,0,0,0,0,0
2019p789865,1,0,0,1,0,0,0,0,0,0
2019p789636,1,0,0,0,1,0,0,0,0,0
2019p788511,5,0,0,3,2,0,0,0,0,0
2019p788434,46,0,0,20,22,4,0,0,0,0
2019p788196,1,0,0,1,0,0,0,0,0,0
2019p787652,2,0,0,2,0,0,0,0,0,0
2019p786913,5,0,0,5,0,0,0,0,0,0
2019p786744,4,0,0,3,1,0,0,0,0,0
2019p786531,2,0,0,2,0,0,0,0,0,0
2019p786390,108,0,0,63,43,2,0,0,0,0
2019p785017,2,0,0,1,1,0,0,0,0,0
2019p784659,1,0,0,1,0,0,0,0,0,0
2019p784303,1,0,0,1,0,0,0,0,0,0
2019p784102,1,0,0,1,0,0,0,0,0,0
2019p783380,1,0,0,0,1,0,0,0,0,0
2019p782893,1,0,0,0,1,0,0,0,0,0
2019p782515,1,0,0,1,0,0,0,0,0,0
2019p782381,4,0,0,2,1,1,0,0,0,0
2019p782276,59,0,0,31,25,3,0,0,0,0
2019p782269,4,0,0,4,0,0,0,0,0,0
2019p782210,2,0,0,2,0,0,0,0,0,0
2019p782177,1,0,0,1,0,0,0,0,0,0
2019p782161,1,0,0,1,0,0,0,0,0,0
2019p781986,2,0,0,1,0,0,0,0,1,0
2019p781838,1,0,0,1,0,0,0,0,0,0
2019p781835,1,0,0,1,0,0,0,0,0,0
2019p781787,1,0,0,1,0,0,0,0,0,0
2019p781758,1,0,0,1,0,0,0,0,0,0
2019p781714,1,0,0,1,0,0,0,0,0,0
2019p780900,1,0,0,1,0,0,0,0,0,0
2019p779893,1,0,0,1,0,0,0,0,0,0
2019p778702,2,0,0,2,0,0,0,0,0,0
2019p777296,3,0,0,1,2,0,0,0,0,0
2019p777101,1,0,0,1,0,0,0,0,0,0
2019p774357,1,0,0,1,0,0,0,0,0,0
2019p774122,1,0,0,1,0,0,0,0,0,0
2019p773792,1,0,0,0,0,0,0,0,1,0
2019p773232,181,0,0,111,66,4,0,0,0,0
2019p773164,1,0,0,1,0,0,0,0,0,0
2019p773039,5,0,0,4,1,0,0,0,0,0
2019p773010,3,0,0,3,0,0,0,0,0,0
2019p772627,3,0,0,2,1,0,0,0,0,0
2019p772613,15,0,0,12,3,0,0,0,0,0
2019p772582,13,0,0,9,3,0,0,0,1,0
2019p772177,1,0,0,1,0,0,0,0,0,0
2019p772036,1,0,0,1,0,0,0,0,0,0
2019p771451,2,0,0,2,0,0,0,0,0,0
2019p771297,1,0,0,1,0,0,0,0,0,0
2019p771250,2,0,0,2,0,0,0,0,0,0
2019p770700,4,0,0,2,2,0,0,0,0,0
2019p770663,1,0,0,1,0,0,0,0,0,0
2019p770218,1,0,0,1,0,0,0,0,0,0
2019p770052,16,0,0,15,1,0,0,0,0,0
2019p770047,16,0,0,15,1,0,0,0,0,0
2019p768288,1,0,0,1,0,0,0,0,0,0
2019p768180,1,0,0,1,0,0,0,0,0,0
2019p767651,1,0,0,1,0,0,0,0,0,0
2019p765259,2,0,0,2,0,0,0,0,0,0
2019p763310,11,0,0,10,1,0,0,0,0,0
2019p762840,1,0,0,1,0,0,0,0,0,0
2019p761275,1,0,0,1,0,0,0,0,0,0
2019p759058,1,0,0,1,0,0,0,0,0,0
2019p758993,1,0,0,1,0,0,0,0,0,0
2019p757955,1,0,0,0,1,0,0,0,0,0
2019p757611,1,0,0,0,1,0,0,0,0,0
2019p757432,1,0,0,1,0,0,0,0,0,0
2019p757194,1,0,0,1,0,0,0,0,0,0
2019p756721,1,0,0,0,1,0,0,0,0,0
2019p755683,1,0,0,0,0,1,0,0,0,0
2019p755210,5,0,0,3,2,0,0,0,0,0
2019p755070,16,0,0,13,1,1,1,0,0,0
2019p754969,2,0,0,1,1,0,0,0,0,0
2019p754790,2,0,0,1,0,1,0,0,0,0
2019p754003,1,0,0,1,0,0,0,0,0,0
2019p753651,1,0,0,1,0,0,0,0,0,0
2019p753277,1,0,0,1,0,0,0,0,0,0
2019p752861,1,0,0,1,0,0,0,0,0,0
2019p752853,1,0,0,1,0,0,0,0,0,0
2019p752622,1,0,0,1,0,0,0,0,0,0
2019p752441,8,0,0,6,2,0,0,0,0,0
2019p752206,10,0,0,7,2,1,0,0,0,0
2019p751318,1,0,0,0,1,0,0,0,0,0
2019p746871,47,0,0,39,8,0,0,0,0,0
2019p746860,81,0,0,65,15,1,0,0,0,0
2019p744883,1,0,0,1,0,0,0,0,0,0
2019p744651,1,0,0,1,0,0,0,0,0,0
2019p744583,1,0,0,1,0,0,0,0,0,0
2019p744361,1,0,0,1,0,0,0,0,0,0
2019p744275,2,0,0,2,0,0,0,0,0,0
2019p743986,3,0,0,2,1,0,0,0,0,0
2019p743869,2,0,0,2,0,0,0,0,0,0
2019p743839,1,0,0,1,0,0,0,0,0,0
2019p743488,2,0,0,1,1,0,0,0,0,0
2019p743058,1,0,0,0,1,0,0,0,0,0
2019p743050,2,0,0,0,1,0,0,0,1,0
2019p742021,1,0,0,0,0,0,0,0,1,0
2019p741834,1,0,0,1,0,0,0,0,0,0
2019p741821,1,0,0,1,0,0,0,0,0,0
2019p741449,4,0,0,3,0,1,0,0,0,0
2019p741233,57,0,0,43,12,2,0,0,0,0
2019p740852,2,0,0,1,0,1,0,0,0,0
2019p740730,1,0,0,0,1,0,0,0,0,0
2019p740123,4,0,0,2,1,1,0,0,0,0
2019p740063,1,0,0,0,1,0,0,0,0,0
2019p739806,14,0,0,8,6,0,0,0,0,0
2019p739743,9,0,0,5,3,1,0,0,0,0
2019p738863,1,0,0,0,0,0,0,0,1,0
2019p738835,5,0,0,3,0,2,0,0,0,0
2019p737533,11,0,0,6,5,0,0,0,0,0
2019p735714,2,0,0,2,0,0,0,0,0,0
2019p734627,9,0,0,8,1,0,0,0,0,0
2019p733417,1,0,0,0,1,0,0,0,0,0
2019p733225,5,0,0,5,0,0,0,0,0,0
2019p733021,1,0,0,0,0,0,0,0,1,0
2019p732735,2,0,0,1,0,0,1,0,0,0
2019p732713,5,0,0,3,2,0,0,0,0,0
2019p732643,2,0,0,2,0,0,0,0,0,0
2019p732376,5,0,0,4,0,0,0,0,1,0
2019p732346,6,0,0,4,2,0,0,0,0,0
2019p730825,1,0,0,1,0,0,0,0,0,0
2019p730565,46,0,0,35,10,1,0,0,0,0
2019p729987,2,0,0,1,1,0,0,0,0,0
2019p729743,1,0,0,1,0,0,0,0,0,0
2019p729590,2,0,0,2,0,0,0,0,0,0
2019p728625,2,0,0,2,0,0,0,0,0,0
2019p728189,1,0,0,1,0,0,0,0,0,0
2019p728029,1,0,0,1,0,0,0,0,0,0
2019p728010,2,0,0,1,1,0,0,0,0,0
2019p728005,3,0,0,2,1,0,0,0,0,0
2019p727998,2,0,0,1,1,0,0,0,0,0
2019p727755,1,0,0,1,0,0,0,0,0,0
2019p727488,1,0,0,1,0,0,0,0,0,0
2019p725902,1,0,0,1,0,0,0,0,0,0
2019p725625,1,0,0,1,0,0,0,0,0,0
2019p724625,6,0,0,3,3,0,0,0,0,0
2019p722294,2,0,0,2,0,0,0,0,0,0
2019p722001,2,0,0,2,0,0,0,0,0,0
2019p721945,1,0,0,1,0,0,0,0,0,0
2019p721932,2,0,0,2,0,0,0,0,0,0
2019p721661,1,0,0,1,0,0,0,0,0,0
2019p720218,1,0,0,1,0,0,0,0,0,0
2019p720163,2,0,0,1,1,0,0,0,0,0
2019p720024,15,0,0,10,5,0,0,0,0,0
2019p720004,28,0,0,17,10,1,0,0,0,0
2019p719995,38,0,0,26,11,1,0,0,0,0
2019p719911,1,0,0,1,0,0,0,0,0,0
2019p719812,1,0,0,1,0,0,0,0,0,0
2019p719706,1,0,0,1,0,0,0,0,0,0
2019p719696,5,0,0,4,1,0,0,0,0,0
2019p719130,1,0,0,0,1,0,0,0,0,0
2019p718991,3,0,0,3,0,0,0,0,0,0
2019p718820,1,0,0,1,0,0,0,0,0,0
2019p718308,1,0,0,1,0,0,0,0,0,0
2019p717373,1,0,0,1,0,0,0,0,0,0
2019p717243,8,0,0,6,0,0,0,0,2,0
2019p716896,2,0,0,2,0,0,0,0,0,0
2019p716547,2,0,0,1,1,0,0,0,0,0
2019p716534,5,0,0,3,1,0,0,0,1,0
2019p716516,4,0,0,3,0,0,0,0,1,0
2019p716439,5,0,0,3,2,0,0,0,0,0
2019p716156,2,0,0,1,1,0,0,0,0,0
2019p716098,3,0,0,2,1,0,0,0,0,0
2019p715878,2,0,0,2,0,0,0,0,0,0
2019p715658,15,0,0,6,6,3,0,0,0,0
2019p715431,1,0,0,0,1,0,0,0,0,0
2019p714980,2,0,0,1,1,0,0,0,0,0
2019p714676,459,0,0,165,259,29,1,1,4,0
2019p714637,14577,0,0,4776,8336,1307,128,2,28,0
2019p714533,3,0,0,3,0,0,0,0,0,0
2019p714206,1,0,0,1,0,0,0,0,0,0
2019p713357,1,0,0,1,0,0,0,0,0,0
2019p713352,3,0,0,2,0,1,0,0,0,0
2019p712495,1,0,0,1,0,0,0,0,0,0
2019p711964,1,0,0,0,0,1,0,0,0,0
2019p710152,1,0,0,1,0,0,0,0,0,0
2019p710118,1,0,0,1,0,0,0,0,0,0
2019p709869,1,0,0,1,0,0,0,0,0,0
2019p709848,2,0,0,2,0,0,0,0,0,0
2019p709815,1,0,0,1,0,0,0,0,0,0
2019p709702,3,0,0,1,2,0,0,0,0,0
2019p709516,1,0,0,1,0,0,0,0,0,0
2019p709416,7,0,0,4,1,1,0,0,1,0
2019p708982,3,0,0,2,1,0,0,0,0,0
2019p708948,1,0,0,1,0,0,0,0,0,0
2019p707884,2,0,0,1,0,0,1,0,0,0
2019p707377,4,0,0,2,2,0,0,0,0,0
2019p706672,5,0,0,3,2,0,0,0,0,0
2019p706392,6,0,0,5,1,0,0,0,0,0
2019p706272,1,0,0,1,0,0,0,0,0,0
2019p706098,1,0,0,1,0,0,0,0,0,0
2019p704858,1,0,0,1,0,0,0,0,0,0
2019p704835,1,0,0,1,0,0,0,0,0,0
2019p704824,1,0,0,1,0,0,0,0,0,0
2019p704821,1,0,0,1,0,0,0,0,0,0
2019p703719,4,0,0,4,0,0,0,0,0,0
2019p703590,2,0,0,2,0,0,0,0,0,0
2019p702923,1,0,0,0,1,0,0,0,0,0
2019p700732,2,0,0,2,0,0,0,0,0,0
2019p698840,1,0,0,0,1,0,0,0,0,0
2019p698682,1,0,0,1,0,0,0,0,0,0
2019p697855,133,0,0,88,43,1,0,0,1,0
2019p697192,1,0,0,1,0,0,0,0,0,0
2019p696694,7,0,0,2,5,0,0,0,0,0
2019p696644,15,0,0,8,7,0,0,0,0,0
2019p696325,1,0,0,1,0,0,0,0,0,0
2019p695584,3,0,0,3,0,0,0,0,0,0
2019p695564,6,0,0,5,0,0,1,0,0,0
2019p694300,9,0,0,7,2,0,0,0,0,0
2019p693982,1,0,0,1,0,0,0,0,0,0
2019p693627,1,0,0,1,0,0,0,0,0,0
2019p693169,2,0,0,1,0,0,0,0,1,0
2019p693010,1,0,0,1,0,0,0,0,0,0
2019p692821,2,0,0,2,0,0,0,0,0,0
2019p692676,1,0,0,1,0,0,0,0,0,0
2019p691999,1,0,0,1,0,0,0,0,0,0
2019p691766,2,0,0,2,0,0,0,0,0,0
2019p690586,1,0,0,1,0,0,0,0,0,0
2019p690412,2,0,0,1,0,1,0,0,0,0
2019p690291,3,0,0,1,1,1,0,0,0,0
2019p689603,2,0,0,2,0,0,0,0,0,0
2019p689465,4,0,0,4,0,0,0,0,0,0
2019p688605,1,0,0,0,1,0,0,0,0,0
2019p688600,1,0,0,0,1,0,0,0,0,0
2019p688076,2,0,0,1,1,0,0,0,0,0
2019p687771,4,0,0,3,1,0,0,0,0,0
2019p687441,1,0,0,1,0,0,0,0,0,0
2019p687270,1,0,0,1,0,0,0,0,0,0
2019p685338,2,0,0,2,0,0,0,0,0,0
2019p684959,1,0,0,0,0,0,1,0,0,0
2019p684801,2,0,0,1,1,0,0,0,0,0
2019p684567,767,0,0,571,180,14,0,1,1,0
2019p684454,14,0,0,11,2,1,0,0,0,0
2019p683267,3,0,0,3,0,0,0,0,0,0
2019p683054,1,0,0,1,0,0,0,0,0,0
2019p683039,1,0,0,1,0,0,0,0,0,0
2019p682868,2,0,0,0,0,0,0,0,2,0
2019p682215,2,0,0,2,0,0,0,0,0,0
2019p682095,8,0,0,5,3,0,0,0,0,0
2019p682081,8,0,0,5,3,0,0,0,0,0
2019p682080,8,0,0,5,3,0,0,0,0,0
2019p681932,5,0,0,5,0,0,0,0,0,0
2019p681504,1,0,0,1,0,0,0,0,0,0
2019p681106,2,0,0,2,0,0,0,0,0,0
2019p679935,6,0,0,5,1,0,0,0,0,0
2019p679696,1,0,0,1,0,0,0,0,0,0
2019p678905,4,0,0,3,0,0,0,0,1,0
2019p678726,3,0,0,3,0,0,0,0,0,0
2019p676265,1,0,0,1,0,0,0,0,0,0
2019p675513,1,0,0,1,0,0,0,0,0,0
2019p675189,1,0,0,0,0,0,1,0,0,0
2019p674977,1,0,0,1,0,0,0,0,0,0
2019p674875,3,0,0,2,0,0,0,0,1,0
2019p674860,3,0,0,3,0,0,0,0,0,0
2019p674145,1,0,0,1,0,0,0,0,0,0
2019p673944,2,0,0,1,1,0,0,0,0,0
2019p673889,1,0,0,1,0,0,0,0,0,0
2019p672124,1,0,0,1,0,0,0,0,0,0
2019p671902,1,0,0,1,0,0,0,0,0,0
2019p671810,1,0,0,1,0,0,0,0,0,0
2019p671551,1,0,0,1,0,0,0,0,0,0
2019p671176,9,0,0,0,0,0,1,5,3,0
2019p670753,1,0,0,1,0,0,0,0,0,0
2019p670603,2,0,0,2,0,0,0,0,0,0
2019p670458,5,0,0,4,1,0,0,0,0,0
2019p670075,3,0,0,2,0,1,0,0,0,0
2019p669733,2,0,0,2,0,0,0,0,0,0
2019p669256,1,0,0,1,0,0,0,0,0,0
2019p668671,2,0,0,1,0,0,0,1,0,0
2019p668658,2,0,0,1,0,0,0,1,0,0
2019p668439,2,0,0,2,0,0,0,0,0,0
2019p668379,6,0,0,6,0,0,0,0,0,0
2019p668376,5,0,0,5,0,0,0,0,0,0
2019p668223,1,0,0,0,0,1,0,0,0,0
2019p668173,1,0,0,1,0,0,0,0,0,0
2019p668093,1,0,0,1,0,0,0,0,0,0
2019p667962,5,0,0,4,0,0,1,0,0,0
2019p667859,2,0,0,1,1,0,0,0,0,0
2019p667521,3,0,0,2,1,0,0,0,0,0
2019p667432,1,0,0,1,0,0,0,0,0,0
2019p667242,1,0,0,1,0,0,0,0,0,0
2019p666710,3,0,0,3,0,0,0,0,0,0
2019p666692,1,0,0,1,0,0,0,0,0,0
2019p666551,49,0,0,28,19,2,0,0,0,0
2019p665453,1,0,0,1,0,0,0,0,0,0
2019p665446,1,0,0,1,0,0,0,0,0,0
2019p665402,1,0,0,1,0,0,0,0,0,0
2019p665392,1,0,0,1,0,0,0,0,0,0
2019p665207,2,0,0,2,0,0,0,0,0,0
2019p665112,2,0,0,2,0,0,0,0,0,0
2019p663959,1,0,0,0,1,0,0,0,0,0
2019p663146,2,0,0,2,0,0,0,0,0,0
2019p662880,3,0,0,2,0,1,0,0,0,0
2019p662207,1,0,0,0,0,0,0,0,1,0
2019p661097,1,0,0,1,0,0,0,0,0,0
2019p661086,1,0,0,1,0,0,0,0,0,0
2019p661083,1,0,0,1,0,0,0,0,0,0
2019p660870,1,0,0,1,0,0,0,0,0,0
2019p660538,1,0,0,1,0,0,0,0,0,0
2019p659859,1,0,0,1,0,0,0,0,0,0
2019p659705,1,0,0,0,0,1,0,0,0,0
2019p657519,7,0,0,5,1,1,0,0,0,0
2019p656248,1,0,0,1,0,0,0,0,0,0
2019p656028,1,0,0,1,0,0,0,0,0,0
2019p655995,2,0,0,1,1,0,0,0,0,0
2019p655046,2,0,0,1,1,0,0,0,0,0
2019p653724,3,0,0,3,0,0,0,0,0,0
2019p653693,1,0,0,1,0,0,0,0,0,0
2019p653389,1,0,0,1,0,0,0,0,0,0
2019p653116,1,0,0,1,0,0,0,0,0,0
2019p651982,1,0,0,1,0,0,0,0,0,0
2019p651304,1,0,0,1,0,0,0,0,0,0
2019p651030,1,0,0,1,0,0,0,0,0,0
2019p650721,14,0,0,12,2,0,0,0,0,0
2019p650010,1,0,0,0,1,0,0,0,0,0
2019p649574,3,0,0,3,0,0,0,0,0,0
2019p649413,1,0,0,1,0,0,0,0,0,0
2019p647136,2,0,0,1,0,1,0,0,0,0
2019p646968,3,0,0,3,0,0,0,0,0,0
2019p646769,4,0,0,3,0,0,0,1,0,0
2019p646684,1,0,0,1,0,0,0,0,0,0
2019p646046,1,0,0,1,0,0,0,0,0,0
2019p645423,1,0,0,1,0,0,0,0,0,0
2019p645422,1,0,0,1,0,0,0,0,0,0
2019p645296,3,0,0,2,1,0,0,0,0,0
2019p644320,1,0,0,1,0,0,0,0,0,0
2019p644301,1,0,0,1,0,0,0,0,0,0
2019p644006,1,0,0,0,1,0,0,0,0,0
2019p643194,1,0,0,0,1,0,0,0,0,0
2019p643057,2,0,0,2,0,0,0,0,0,0
2019p642754,1,0,0,0,0,1,0,0,0,0
2019p642263,3,0,0,3,0,0,0,0,0,0
2019p642247,2,0,0,2,0,0,0,0,0,0
2019p641815,1,0,0,1,0,0,0,0,0,0
2019p641787,1,0,0,0,1,0,0,0,0,0
2019p641776,2,0,0,0,2,0,0,0,0,0
2019p640933,1,0,0,1,0,0,0,0,0,0
2019p640687,1,0,0,1,0,0,0,0,0,0
2019p638786,2,0,0,2,0,0,0,0,0,0
2019p638609,1,0,0,1,0,0,0,0,0,0
2019p638060,1,0,0,1,0,0,0,0,0,0
2019p638000,3,0,0,1,2,0,0,0,0,0
2019p637993,3,0,0,1,2,0,0,0,0,0
2019p637726,1,0,0,1,0,0,0,0,0,0
2019p636216,2,0,0,2,0,0,0,0,0,0
2019p636028,1,0,0,1,0,0,0,0,0,0
2019p635836,3,0,0,2,1,0,0,0,0,0
2019p635475,1,0,0,1,0,0,0,0,0,0
2019p634366,1,0,0,0,1,0,0,0,0,0
2019p634063,1,0,0,1,0,0,0,0,0,0
2019p633984,1,0,0,1,0,0,0,0,0,0
2019p633735,2,0,0,2,0,0,0,0,0,0
2019p633358,1,0,0,1,0,0,0,0,0,0
2019p633232,1,0,0,1,0,0,0,0,0,0
2019p632673,2,0,0,2,0,0,0,0,0,0
2019p632401,3,0,0,2,1,0,0,0,0,0
2019p632078,2,0,0,2,0,0,0,0,0,0
2019p632031,2,0,0,0,2,0,0,0,0,0
2019p632016,1,0,0,0,1,0,0,0,0,0
2019p631749,4,0,0,0,4,0,0,0,0,0
2019p631618,1,0,0,1,0,0,0,0,0,0
2019p631131,8,0,0,7,1,0,0,0,0,0
2019p631044,6,0,0,5,1,0,0,0,0,0
2019p630972,152,0,0,70,66,15,1,0,0,0
2019p630782,7,0,0,6,1,0,0,0,0,0
2019p630736,5,0,0,3,2,0,0,0,0,0
2019p630544,6,0,0,3,3,0,0,0,0,0
2019p630493,3,0,0,2,1,0,0,0,0,0
2019p630453,10,0,0,6,4,0,0,0,0,0
2019p630317,21,0,0,11,10,0,0,0,0,0
2019p630247,134,0,0,73,52,8,0,0,1,0
2019p630233,211,0,0,118,81,12,0,0,0,0
2019p630227,291,0,0,161,116,13,1,0,0,0
2019p630200,3440,0,0,1776,1487,155,14,1,7,0
2019p629158,1,0,0,1,0,0,0,0,0,0
2019p628720,2,0,0,2,0,0,0,0,0,0
2019p628699,2,0,0,2,0,0,0,0,0,0
2019p628679,1,0,0,1,0,0,0,0,0,0
2019p627992,1,0,0,1,0,0,0,0,0,0
2019p627855,4,0,0,3,1,0,0,0,0,0
2019p626722,2,0,0,2,0,0,0,0,0,0
2019p626464,1,0,0,1,0,0,0,0,0,0
2019p626458,1,0,0,1,0,0,0,0,0,0
2019p626269,1,0,0,0,0,0,0,0,1,0
2019p626264,1,0,0,0,0,0,0,0,1,0
2019p625787,1,0,0,0,1,0,0,0,0,0
2019p625761,4,0,0,2,2,0,0,0,0,0
2019p625483,1,0,0,0,1,0,0,0,0,0
2019p625445,2,0,0,2,0,0,0,0,0,0
2019p625217,1,0,0,1,0,0,0,0,0,0
2019p624701,1,0,0,1,0,0,0,0,0,0
2019p624541,3,0,0,2,0,0,0,0,1,0
2019p624394,11,0,0,7,2,1,0,0,1,0
2019p623784,1,0,0,1,0,0,0,0,0,0
2019p623696,2,0,0,1,1,0,0,0,0,0
2019p623683,3,0,0,2,1,0,0,0,0,0
2019p623287,1,0,0,0,1,0,0,0,0,0
2019p623264,2,0,0,2,0,0,0,0,0,0
2019p622957,2,0,0,0,2,0,0,0,0,0
2019p622951,3,0,0,1,2,0,0,0,0,0
2019p622935,2,0,0,1,1,0,0,0,0,0
2019p622831,4,0,0,3,1,0,0,0,0,0
2019p622823,4,0,0,3,1,0,0,0,0,0
2019p622817,6,0,0,6,0,0,0,0,0,0
2019p622769,5,0,0,1,4,0,0,0,0,0
2019p622747,12,0,0,7,5,0,0,0,0,0
2019p622723,10,0,0,5,4,1,0,0,0,0
2019p622697,15,0,0,7,6,1,0,0,1,0
2019p622682,12,0,0,7,5,0,0,0,0,0
2019p622636,7,0,0,4,3,0,0,0,0,0
2019p622618,18,0,0,8,9,1,0,0,0,0
2019p622609,23,0,0,10,10,3,0,0,0,0
2019p622593,16,0,0,7,6,3,0,0,0,0
2019p622586,15,0,0,8,4,3,0,0,0,0
2019p622566,26,0,0,18,7,0,0,0,1,0
2019p622565,30,0,0,20,9,0,0,0,1,0
2019p622545,53,0,0,35,17,1,0,0,0,0
2019p622522,78,0,0,47,25,4,1,0,1,0
2019p622519,77,0,0,46,24,5,1,0,1,0
2019p622506,123,0,0,72,41,8,1,0,1,0
2019p622504,124,0,0,74,41,7,1,0,1,0
2019p622489,232,0,0,138,84,8,2,0,0,0
2019p622481,340,0,0,195,129,12,2,0,2,0
2019p622480,361,0,0,205,139,12,3,0,2,0
2019p622477,492,0,0,274,196,17,2,0,3,0
2019p622471,1355,0,0,682,614,51,5,0,3,0
2019p622470,1778,0,0,890,809,68,7,1,3,0
2019p622463,3563,0,0,1920,1480,142,16,1,4,0
2019p622317,1,0,0,1,0,0,0,0,0,0
2019p622068,1,0,0,1,0,0,0,0,0,0
2019p620031,2,0,0,2,0,0,0,0,0,0
2019p618331,1,0,0,1,0,0,0,0,0,0
2019p617936,1,0,0,1,0,0,0,0,0,0
2019p616591,1,0,0,1,0,0,0,0,0,0
2019p616044,1,0,0,1,0,0,0,0,0,0
2019p615728,4,0,0,4,0,0,0,0,0,0
2019p615126,1,0,0,1,0,0,0,0,0,0
2019p613211,1,0,0,0,1,0,0,0,0,0
2019p612518,1,0,0,1,0,0,0,0,0,0
2019p611322,3,0,0,2,1,0,0,0,0,0
2019p611304,1,0,0,0,1,0,0,0,0,0
2019p610856,6,0,0,6,0,0,0,0,0,0
2019p610474,3,0,0,3,0,0,0,0,0,0
2019p610357,1,0,0,1,0,0,0,0,0,0
2019p610025,1,0,0,0,1,0,0,0,0,0
2019p609927,1,0,0,1,0,0,0,0,0,0
2019p609337,6,0,0,5,1,0,0,0,0,0
2019p608967,1,0,0,1,0,0,0,0,0,0
2019p608640,1,0,0,1,0,0,0,0,0,0
2019p608439,4,0,0,3,1,0,0,0,0,0
2019p608280,3,0,0,1,1,0,0,0,1,0
2019p607683,1,0,0,0,1,0,0,0,0,0
2019p606971,1,0,0,0,0,0,0,0,1,0
2019p606390,1,0,0,1,0,0,0,0,0,0
2019p606093,3,0,0,3,0,0,0,0,0,0
2019p605896,5,0,0,4,1,0,0,0,0,0
2019p604521,2,0,0,1,1,0,0,0,0,0
2019p604514,3,0,0,2,1,0,0,0,0,0
2019p604399,295,0,0,148,128,16,3,0,0,0
2019p604397,292,0,0,145,128,16,3,0,0,0
2019p604383,244,0,0,123,103,16,2,0,0,0
2019p604352,3,0,0,3,0,0,0,0,0,0
2019p604176,5,0,0,1,2,1,0,0,1,0
2019p604076,16,0,0,12,3,0,0,0,1,0
2019p603844,2,0,0,2,0,0,0,0,0,0
2019p603817,1,0,0,0,1,0,0,0,0,0
2019p603610,2,0,0,2,0,0,0,0,0,0
2019p603467,793,0,0,502,273,17,0,0,1,0
2019p603193,3,0,0,2,1,0,0,0,0,0
2019p603169,4,0,0,3,1,0,0,0,0,0
2019p603111,1,0,0,1,0,0,0,0,0,0
2019p602736,4,0,0,1,3,0,0,0,0,0
2019p602576,14,0,0,10,4,0,0,0,0,0
2019p602198,2,0,0,2,0,0,0,0,0,0
2019p602150,1,0,0,1,0,0,0,0,0,0
2019p601927,1,0,0,1,0,0,0,0,0,0
2019p601186,1,0,0,1,0,0,0,0,0,0
2019p601036,19,0,0,14,5,0,0,0,0,0
2019p600889,3,0,0,3,0,0,0,0,0,0
2019p598236,1,0,0,1,0,0,0,0,0,0
2019p598047,1,0,0,1,0,0,0,0,0,0
2019p596012,1,0,0,1,0,0,0,0,0,0
2019p595925,1,0,0,1,0,0,0,0,0,0
2019p595834,2,0,0,2,0,0,0,0,0,0
2019p595134,1,0,0,1,0,0,0,0,0,0
2019p595091,1,0,0,1,0,0,0,0,0,0
2019p595070,1,0,0,1,0,0,0,0,0,0
2019p594475,1,0,0,1,0,0,0,0,0,0
2019p594300,1,0,0,0,0,0,0,0,1,0
2019p594116,2,0,0,2,0,0,0,0,0,0
2019p594097,1,0,0,1,0,0,0,0,0,0
2019p594086,3,0,0,1,2,0,0,0,0,0
2019p594062,2,0,0,2,0,0,0,0,0,0
2019p593400,2,0,0,2,0,0,0,0,0,0
2019p593376,1,0,0,1,0,0,0,0,0,0
2019p593268,1,0,0,0,1,0,0,0,0,0
2019p593048,1,0,0,1,0,0,0,0,0,0
2019p592995,2,0,0,2,0,0,0,0,0,0
2019p592976,2,0,0,2,0,0,0,0,0,0
2019p591749,2,0,0,1,1,0,0,0,0,0
2019p591427,2,0,0,0,1,1,0,0,0,0
2019p590426,1,0,0,1,0,0,0,0,0,0
2019p590421,1,0,0,1,0,0,0,0,0,0
2019p589473,2,0,0,1,0,0,0,0,1,0
2019p588869,1,0,0,0,1,0,0,0,0,0
2019p588660,1,0,0,1,0,0,0,0,0,0
2019p588559,3,0,0,1,2,0,0,0,0,0
2019p587535,1,0,0,1,0,0,0,0,0,0
2019p587450,2,0,0,0,2,0,0,0,0,0
2019p587401,2,0,0,2,0,0,0,0,0,0
2019p587268,1,0,0,0,1,0,0,0,0,0
2019p587133,1,0,0,1,0,0,0,0,0,0
2019p585612,20,0,0,12,7,1,0,0,0,0
2019p585555,424,0,0,149,230,43,2,0,0,0
2019p585545,1244,0,0,516,628,90,8,0,2,0
2019p585542,1228,0,0,509,621,88,8,0,2,0
2019p584184,1,0,0,1,0,0,0,0,0,0
2019p584005,2,0,0,2,0,0,0,0,0,0
2019p582270,1,0,0,1,0,0,0,0,0,0
2019p580683,1,0,0,0,1,0,0,0,0,0
2019p577779,1,0,0,0,1,0,0,0,0,0
2019p577187,2,0,0,2,0,0,0,0,0,0
2019p577177,3,0,0,3,0,0,0,0,0,0
2019p576928,1,0,0,1,0,0,0,0,0,0
2019p576909,1,0,0,1,0,0,0,0,0,0
2019p576824,7,0,0,5,1,0,0,0,1,0
2019p576685,2,0,0,2,0,0,0,0,0,0
2019p576677,2,0,0,2,0,0,0,0,0,0
2019p575700,1,0,0,1,0,0,0,0,0,0
2019p574406,3,0,0,2,1,0,0,0,0,0
2019p574308,2,0,0,2,0,0,0,0,0,0
2019p574168,2,0,0,2,0,0,0,0,0,0
2019p574163,2,0,0,2,0,0,0,0,0,0
2019p574002,2,0,0,0,0,0,0,0,2,0
2019p573923,1,0,0,1,0,0,0,0,0,0
2019p573781,1,0,0,0,1,0,0,0,0,0
2019p573449,44,0,0,40,4,0,0,0,0,0
2019p821791,6,0,0,6,0,0,0,0,0,0
2019p814897,1,0,0,1,0,0,0,0,0,0
2019p811706,19,0,0,13,5,0,0,0,1,0
2019p808960,2,0,0,2,0,0,0,0,0,0
2019p807870,2,0,0,1,1,0,0,0,0,0
2019p805104,1,0,0,1,0,0,0,0,0,0
2019p802970,1,0,0,0,1,0,0,0,0,0
2019p802482,1,0,0,1,0,0,0,0,0,0
2019p802407,1,0,0,0,0,0,0,0,1,0
2019p802213,2,0,0,2,0,0,0,0,0,0
2019p801675,1,0,0,0,1,0,0,0,0,0
2019p800731,2,0,0,2,0,0,0,0,0,0
2019p792261,3,0,0,3,0,0,0,0,0,0
2019p790499,3,0,0,3,0,0,0,0,0,0
2019p790286,3,0,0,3,0,0,0,0,0,0
2019p789984,29,0,0,17,11,0,0,0,1,0
2019p787654,2,0,0,2,0,0,0,0,0,0
2019p787399,2,0,0,0,2,0,0,0,0,0
2019p786409,10,0,0,5,5,0,0,0,0,0
2019p783148,1,0,0,1,0,0,0,0,0,0
2019p783044,1,0,0,1,0,0,0,0,0,0
2019p782943,1,0,0,1,0,0,0,0,0,0
2019p782299,150,0,0,66,77,7,0,0,0,0
2019p780485,1,0,0,1,0,0,0,0,0,0
2019p776240,10,0,0,9,1,0,0,0,0,0
2019p772045,1,0,0,1,0,0,0,0,0,0
2019p771689,1,0,0,1,0,0,0,0,0,0
2019p768498,2,0,0,2,0,0,0,0,0,0
2019p767498,1,0,0,1,0,0,0,0,0,0
2019p767361,2,0,0,1,0,0,1,0,0,0
2019p765784,2,0,0,2,0,0,0,0,0,0
2019p765600,3,0,0,3,0,0,0,0,0,0
2019p760133,2,0,0,1,1,0,0,0,0,0
2019p757686,1,0,0,1,0,0,0,0,0,0
2019p757525,1,0,0,1,0,0,0,0,0,0
2019p755008,4,0,0,2,1,1,0,0,0,0
2019p754196,1,0,0,1,0,0,0,0,0,0
2019p752627,1,0,0,1,0,0,0,0,0,0
2019p752212,10,0,0,7,2,1,0,0,0,0
2019p749276,3,0,0,3,0,0,0,0,0,0
2019p744597,1,0,0,1,0,0,0,0,0,0
2019p743661,1,0,0,1,0,0,0,0,0,0
2019p743165,1,0,0,1,0,0,0,0,0,0
2019p742127,2,0,0,2,0,0,0,0,0,0
2019p741089,4,0,0,4,0,0,0,0,0,0
2019p738252,2,0,0,2,0,0,0,0,0,0
2019p734023,1,0,0,1,0,0,0,0,0,0
2019p733079,1,0,0,1,0,0,0,0,0,0
2019p732706,4,0,0,2,2,0,0,0,0,0
2019p732334,40,0,0,27,13,0,0,0,0,0
2019p732165,1,0,0,0,0,0,0,0,1,0
2019p731658,1,0,0,1,0,0,0,0,0,0
2019p731389,2,0,0,1,1,0,0,0,0,0
2019p728885,4,0,0,3,1,0,0,0,0,0
2019p728449,19,0,0,11,5,2,1,0,0,0
2019p728410,179,0,0,78,86,12,3,0,0,0
2019p727966,1,0,0,0,0,0,0,0,1,0
2019p724056,11,0,0,5,6,0,0,0,0,0
2019p723102,1,0,0,0,1,0,0,0,0,0
2019p722915,27,0,0,18,9,0,0,0,0,0
2019p722900,23,0,0,16,7,0,0,0,0,0
2019p720739,1,0,0,1,0,0,0,0,0,0
2019p719976,225,0,0,123,92,9,1,0,0,0
2019p719967,359,0,0,202,145,11,1,0,0,0
2019p717952,2,0,0,1,1,0,0,0,0,0
2019p717693,102,0,0,64,33,5,0,0,0,0
2019p717184,4,0,0,4,0,0,0,0,0,0
2019p716669,3,0,0,2,0,0,0,0,1,0
2019p716409,27,0,0,14,10,2,1,0,0,0
2019p714969,4,0,0,2,1,1,0,0,0,0
2019p714646,4870,0,0,1538,2855,413,38,1,25,0
2019p714369,1,0,0,1,0,0,0,0,0,0
2019p712815,1,0,0,1,0,0,0,0,0,0
2019p705445,1,0,0,1,0,0,0,0,0,0
2019p705237,1,0,0,1,0,0,0,0,0,0
2019p702669,1,0,0,1,0,0,0,0,0,0
2019p698418,3,0,0,2,0,0,0,0,1,0
2019p698378,4,0,0,4,0,0,0,0,0,0
2019p695535,2,0,0,2,0,0,0,0,0,0
2019p695495,3,0,0,3,0,0,0,0,0,0
2019p695432,6,0,0,3,2,0,0,0,1,0
2019p693065,2,0,0,1,1,0,0,0,0,0
2019p688917,6,0,0,3,3,0,0,0,0,0
2019p687438,1,0,0,1,0,0,0,0,0,0
2019p684871,1,0,0,1,0,0,0,0,0,0
2019p684015,1,0,0,1,0,0,0,0,0,0
2019p683937,2,0,0,2,0,0,0,0,0,0
2019p682077,7,0,0,4,3,0,0,0,0,0
2019p682019,3,0,0,3,0,0,0,0,0,0
2019p681611,2,0,0,2,0,0,0,0,0,0
2019p681427,1,0,0,1,0,0,0,0,0,0
2019p676257,1,0,0,1,0,0,0,0,0,0
2019p674694,1,0,0,1,0,0,0,0,0,0
2019p673656,1,0,0,1,0,0,0,0,0,0
2019p672119,1,0,0,1,0,0,0,0,0,0
2019p671519,7,0,0,6,0,0,1,0,0,0
2019p670626,1,0,0,1,0,0,0,0,0,0
2019p669726,2,0,0,2,0,0,0,0,0,0
2019p668501,6,0,0,5,1,0,0,0,0,0
2019p668286,1,0,0,1,0,0,0,0,0,0
2019p667649,10,0,0,8,1,0,0,0,1,0
2019p667480,1,0,0,1,0,0,0,0,0,0
2019p666715,3,0,0,3,0,0,0,0,0,0
2019p666161,3,0,0,1,0,1,1,0,0,0
2019p662010,1,0,0,0,0,0,0,0,1,0
2019p661881,2,0,0,2,0,0,0,0,0,0
2019p660550,2,0,0,2,0,0,0,0,0,0
2019p660113,5,0,0,5,0,0,0,0,0,0
2019p658725,1,0,0,1,0,0,0,0,0,0
2019p655525,1,0,0,1,0,0,0,0,0,0
2019p652642,1,0,0,1,0,0,0,0,0,0
2019p652227,1,0,0,1,0,0,0,0,0,0
2019p651665,1,0,0,1,0,0,0,0,0,0
2019p650900,4,0,0,3,1,0,0,0,0,0
2019p643417,1,0,0,1,0,0,0,0,0,0
2019p642034,1,0,0,1,0,0,0,0,0,0
2019p641944,1,0,0,1,0,0,0,0,0,0
2019p639373,2,0,0,1,1,0,0,0,0,0
2019p637808,2,0,0,1,1,0,0,0,0,0
2019p632084,3,0,0,2,1,0,0,0,0,0
2019p632050,1,0,0,0,1,0,0,0,0,0
2019p629904,2,0,0,2,0,0,0,0,0,0
2019p627488,6,0,0,5,0,0,1,0,0,0
2019p627288,1,0,0,0,1,0,0,0,0,0
2019p627013,1,0,0,0,1,0,0,0,0,0
2019p625102,1,0,0,1,0,0,0,0,0,0
2019p622818,6,0,0,6,0,0,0,0,0,0
2019p622812,4,0,0,4,0,0,0,0,0,0
2019p621161,2,0,0,2,0,0,0,0,0,0
2019p619924,2,0,0,2,0,0,0,0,0,0
2019p619787,1,0,0,1,0,0,0,0,0,0
2019p616592,1,0,0,1,0,0,0,0,0,0
2019p612417,1,0,0,1,0,0,0,0,0,0
2019p611561,1,0,0,1,0,0,0,0,0,0
2019p609250,1,0,0,1,0,0,0,0,0,0
2019p608818,1,0,0,1,0,0,0,0,0,0
2019p606360,3,0,0,1,2,0,0,0,0,0
2019p605566,3,0,0,2,1,0,0,0,0,0
2019p605518,2,0,0,0,2,0,0,0,0,0
2019p605213,3,0,0,2,0,0,1,0,0,0
2019p603041,2,0,0,2,0,0,0,0,0,0
2019p602335,2100,0,0,1135,884,76,4,1,0,0
2019p602023,1,0,0,1,0,0,0,0,0,0
2019p601720,1,0,0,1,0,0,0,0,0,0
2019p601709,2,0,0,2,0,0,0,0,0,0
2019p600749,1,0,0,1,0,0,0,0,0,0
2019p597137,1,0,0,0,1,0,0,0,0,0
2019p596721,1,0,0,1,0,0,0,0,0,0
2019p593213,26,0,0,23,3,0,0,0,0,0
2019p592008,3,0,0,2,0,0,0,0,1,0
2019p590943,1,0,0,1,0,0,0,0,0,0
2019p590178,17,0,0,7,7,3,0,0,0,0
2019p586215,4,0,0,2,0,2,0,0,0,0
2019p584824,6,0,0,3,2,0,0,0,1,0
2019p575625,5,0,0,2,2,0,0,0,1,0
2019p574727,1,0,0,0,1,0,0,0,0,0
2019p574026,1,0,0,0,0,0,0,0,1,0
2019p573786,1,0,0,0,1,0,0,0,0,0
2019p573316,2,0,0,1,0,1,0,0,0,0
2019p820477,1,0,0,1,0,0,0,0,0,0
2019p820218,22,0,0,15,7,0,0,0,0,0
2019p818881,19,0,0,16,3,0,0,0,0,0
2019p816037,2,0,0,1,1,0,0,0,0,0
2019p815791,2,0,0,2,0,0,0,0,0,0
2019p810597,2,0,0,1,1,0,0,0,0,0
2019p802631,1,0,0,1,0,0,0,0,0,0
2019p802087,3,0,0,3,0,0,0,0,0,0
2019p801834,1,0,0,1,0,0,0,0,0,0
2019p791065,6,0,0,4,1,1,0,0,0,0
2019p790519,3,0,0,3,0,0,0,0,0,0
2019p787762,1,0,0,0,0,1,0,0,0,0
2019p787456,2,0,0,2,0,0,0,0,0,0
2019p787273,2,0,0,1,1,0,0,0,0,0
2019p783000,1,0,0,1,0,0,0,0,0,0
2019p782501,4,0,0,3,1,0,0,0,0,0
2019p781301,1,0,0,1,0,0,0,0,0,0
2019p778720,2,0,0,2,0,0,0,0,0,0
2019p778680,1,0,0,0,0,0,0,0,1,0
2019p777715,1,0,0,1,0,0,0,0,0,0
2019p774358,1,0,0,1,0,0,0,0,0,0
2019p773816,1,0,0,1,0,0,0,0,0,0
2019p771448,2,0,0,2,0,0,0,0,0,0
2019p768501,3,0,0,3,0,0,0,0,0,0
2019p765828,1,0,0,1,0,0,0,0,0,0
2019p762951,1,0,0,1,0,0,0,0,0,0
2019p752221,10,0,0,7,2,1,0,0,0,0
2019p750555,1,0,0,1,0,0,0,0,0,0
2019p749949,1,0,0,1,0,0,0,0,0,0
2019p742357,3,0,0,2,1,0,0,0,0,0
2019p742306,38,0,0,27,11,0,0,0,0,0
2019p741283,2,0,0,2,0,0,0,0,0,0
2019p739228,1,0,0,1,0,0,0,0,0,0
2019p738126,4,0,0,2,1,0,0,0,1,0
2019p735976,7,0,0,6,0,1,0,0,0,0
2019p734296,2,0,0,1,1,0,0,0,0,0
2019p730458,1,0,0,0,0,0,0,0,1,0
2019p729737,1,0,0,1,0,0,0,0,0,0
2019p728324,3,0,0,2,1,0,0,0,0,0
2019p720911,1,0,0,0,1,0,0,0,0,0
2019p720013,17,0,0,12,5,0,0,0,0,0
2019p718286,2,0,0,2,0,0,0,0,0,0
2019p715398,4,0,0,2,1,1,0,0,0,0
2019p712923,14,0,0,10,3,1,0,0,0,0
2019p712804,1,0,0,0,0,0,0,0,1,0
2019p711190,7,0,0,6,1,0,0,0,0,0
2019p709394,50,0,0,40,9,1,0,0,0,0
2019p708617,1145,0,0,674,438,30,1,0,2,0
2019p708555,1,0,0,0,0,1,0,0,0,0
2019p705087,1,0,0,1,0,0,0,0,0,0
2019p701782,1,0,0,1,0,0,0,0,0,0
2019p696692,6,0,0,2,4,0,0,0,0,0
2019p693321,3,0,0,2,1,0,0,0,0,0
2019p689927,5,0,0,5,0,0,0,0,0,0
2019p689744,3,0,0,3,0,0,0,0,0,0
2019p687267,1,0,0,1,0,0,0,0,0,0
2019p686092,1,0,0,1,0,0,0,0,0,0
2019p685923,1,0,0,1,0,0,0,0,0,0
2019p685620,4,0,0,4,0,0,0,0,0,0
2019p684922,4,0,0,4,0,0,0,0,0,0
2019p683789,3,0,0,3,0,0,0,0,0,0
2019p682748,8,0,0,8,0,0,0,0,0,0
2019p681040,1,0,0,0,1,0,0,0,0,0
2019p679150,3,0,0,2,0,0,0,0,1,0
2019p670450,13,0,0,10,3,0,0,0,0,0
2019p669479,9,0,0,3,5,1,0,0,0,0
2019p669012,1,0,0,1,0,0,0,0,0,0
2019p666155,6,0,0,3,1,1,1,0,0,0
2019p660533,1,0,0,1,0,0,0,0,0,0
2019p660242,1,0,0,0,1,0,0,0,0,0
2019p658607,1,0,0,0,1,0,0,0,0,0
2019p657956,1,0,0,0,1,0,0,0,0,0
2019p657451,1,0,0,1,0,0,0,0,0,0
2019p656003,2,0,0,1,1,0,0,0,0,0
2019p654021,1,0,0,1,0,0,0,0,0,0
2019p651769,1,0,0,1,0,0,0,0,0,0
2019p650776,5,0,0,3,2,0,0,0,0,0
2019p650737,17,0,0,15,2,0,0,0,0,0
2019p649826,31,0,0,30,1,0,0,0,0,0
2019p646189,1,0,0,1,0,0,0,0,0,0
2019p644441,1,0,0,1,0,0,0,0,0,0
2019p642184,65,0,0,40,23,2,0,0,0,0
2019p640957,2,0,0,2,0,0,0,0,0,0
2019p636484,3,0,0,3,0,0,0,0,0,0
2019p635464,2,0,0,1,0,1,0,0,0,0
2019p631005,18,0,0,8,10,0,0,0,0,0
2019p630600,4,0,0,2,2,0,0,0,0,0
2019p628652,18,0,0,10,8,0,0,0,0,0
2019p627998,1,0,0,1,0,0,0,0,0,0
2019p627034,1,0,0,0,1,0,0,0,0,0
2019p626734,2,0,0,2,0,0,0,0,0,0
2019p625735,1,0,0,1,0,0,0,0,0,0
2019p624880,1,0,0,0,0,0,0,0,1,0
2019p621971,2,0,0,2,0,0,0,0,0,0
2019p621619,2,0,0,2,0,0,0,0,0,0
2019p621383,8,0,0,7,1,0,0,0,0,0
2019p619063,1,0,0,0,1,0,0,0,0,0
2019p618882,1,0,0,0,0,0,0,0,1,0
2019p618455,2,0,0,2,0,0,0,0,0,0
2019p618342,3,0,0,3,0,0,0,0,0,0
2019p615918,3,0,0,3,0,0,0,0,0,0
2019p608429,6,0,0,6,0,0,0,0,0,0
2019p606787,1,0,0,1,0,0,0,0,0,0
2019p606368,2,0,0,0,2,0,0,0,0,0
2019p602183,5,0,0,5,0,0,0,0,0,0
2019p600550,3,0,0,3,0,0,0,0,0,0
2019p600475,2,0,0,1,0,0,0,0,1,0
2019p597760,3,0,0,3,0,0,0,0,0,0
2019p596383,1,0,0,0,1,0,0,0,0,0
2019p595034,1,0,0,1,0,0,0,0,0,0
2019p593389,2,0,0,2,0,0,0,0,0,0
2019p593221,25,0,0,22,3,0,0,0,0,0
2019p591276,7,0,0,4,3,0,0,0,0,0
2019p591159,83,0,0,44,36,3,0,0,0,0
2019p590954,1,0,0,1,0,0,0,0,0,0
2019p589418,1,0,0,1,0,0,0,0,0,0
2019p588714,1,0,0,0,1,0,0,0,0,0
2019p586160,7,0,0,3,3,1,0,0,0,0
2019p583929,1,0,0,0,1,0,0,0,0,0
2019p582151,3,0,0,2,1,0,0,0,0,0
2019p582052,22,0,0,19,1,2,0,0,0,0
2019p581316,1,0,0,1,0,0,0,0,0,0
2019p580062,1,0,0,1,0,0,0,0,0,0
2019p576064,1,0,0,1,0,0,0,0,0,0
2019p575615,3,0,0,1,2,0,0,0,0,0
2019p573710,2,0,0,2,0,0,0,0,0,0
2019p817319,3,0,0,3,0,0,0,0,0,0
2019p815147,2,0,0,2,0,0,0,0,0,0
2019p813170,2,0,0,2,0,0,0,0,0,0
2019p812475,8,0,0,5,3,0,0,0,0,0
2019p803878,11,0,0,6,4,1,0,0,0,0
2019p802464,1,0,0,1,0,0,0,0,0,0
2019p802235,1,0,0,1,0,0,0,0,0,0
2019p801059,55,0,0,37,14,2,1,0,1,0
2019p801048,85,0,0,58,22,2,1,0,2,0
2019p801015,491,0,0,324,154,11,0,1,1,0
2019p801001,2086,0,0,1379,653,50,2,1,1,0
2019p800784,1,0,0,1,0,0,0,0,0,0
2019p798258,1,0,0,1,0,0,0,0,0,0
2019p795678,25,0,0,23,2,0,0,0,0,0
2019p793923,5,0,0,4,1,0,0,0,0,0
2019p791440,5,0,0,3,2,0,0,0,0,0
2019p788456,8,0,0,4,2,2,0,0,0,0
2019p786889,37,0,0,30,7,0,0,0,0,0
2019p785066,1,0,0,1,0,0,0,0,0,0
2019p776411,5,0,0,5,0,0,0,0,0,0
2019p775334,2,0,0,2,0,0,0,0,0,0
2019p773527,2,0,0,2,0,0,0,0,0,0
2019p772979,2,0,0,1,1,0,0,0,0,0
2019p772936,7,0,0,5,1,1,0,0,0,0
2019p770668,1,0,0,1,0,0,0,0,0,0
2019p760286,1,0,0,1,0,0,0,0,0,0
2019p754939,2,0,0,2,0,0,0,0,0,0
2019p751482,2,0,0,2,0,0,0,0,0,0
2019p744853,1,0,0,0,1,0,0,0,0,0
2019p743032,1,0,0,0,0,0,0,0,1,0
2019p741266,9,0,0,6,3,0,0,0,0,0
2019p738944,45,0,0,32,11,2,0,0,0,0
2019p737513,86,0,0,64,22,0,0,0,0,0
2019p729052,3,0,0,2,1,0,0,0,0,0
2019p717696,102,0,0,64,33,5,0,0,0,0
2019p707637,1,0,0,1,0,0,0,0,0,0
2019p705532,2,0,0,1,1,0,0,0,0,0
2019p701983,2,0,0,2,0,0,0,0,0,0
2019p701227,2,0,0,2,0,0,0,0,0,0
2019p693503,1,0,0,0,0,0,1,0,0,0
2019p693042,1,0,0,0,1,0,0,0,0,0
2019p691997,1,0,0,1,0,0,0,0,0,0
2019p691614,1,0,0,0,0,0,1,0,0,0
2019p689902,1,0,0,0,1,0,0,0,0,0
2019p686101,1,0,0,1,0,0,0,0,0,0
2019p684738,5,0,0,3,2,0,0,0,0,0
2019p684674,8,0,0,7,1,0,0,0,0,0
2019p684614,28,0,0,21,6,1,0,0,0,0
2019p681548,1,0,0,1,0,0,0,0,0,0
2019p680641,1,0,0,1,0,0,0,0,0,0
2019p679176,1,0,0,0,0,0,0,0,1,0
2019p673455,2,0,0,2,0,0,0,0,0,0
2019p670346,1,0,0,0,0,0,1,0,0,0
2019p665145,1,0,0,1,0,0,0,0,0,0
2019p660290,1,0,0,1,0,0,0,0,0,0
2019p658040,2,0,0,2,0,0,0,0,0,0
2019p655789,1,0,0,1,0,0,0,0,0,0
2019p655100,1,0,0,0,1,0,0,0,0,0
2019p645205,2,0,0,2,0,0,0,0,0,0
2019p643437,3,0,0,3,0,0,0,0,0,0
2019p633745,2,0,0,2,0,0,0,0,0,0
2019p631928,8,0,0,2,2,3,1,0,0,0
2019p631274,2,0,0,1,1,0,0,0,0,0
2019p630781,7,0,0,6,1,0,0,0,0,0
2019p630340,21,0,0,9,12,0,0,0,0,0
2019p629125,2,0,0,2,0,0,0,0,0,0
2019p627938,2,0,0,1,0,1,0,0,0,0
2019p627920,2,0,0,2,0,0,0,0,0,0
2019p624238,1,0,0,1,0,0,0,0,0,0
2019p621853,1,0,0,1,0,0,0,0,0,0
2019p619185,1,0,0,1,0,0,0,0,0,0
2019p617342,1,0,0,1,0,0,0,0,0,0
2019p616541,1,0,0,1,0,0,0,0,0,0
2019p612605,1,0,0,1,0,0,0,0,0,0
2019p611921,2,0,0,1,1,0,0,0,0,0
2019p611426,2,0,0,2,0,0,0,0,0,0
2019p611340,6,0,0,6,0,0,0,0,0,0
2019p611330,3,0,0,3,0,0,0,0,0,0
2019p609479,2,0,0,1,1,0,0,0,0,0
2019p608525,2,0,0,2,0,0,0,0,0,0
2019p608417,5,0,0,5,0,0,0,0,0,0
2019p607836,4,0,0,3,0,0,0,0,1,0
2019p606812,2,0,0,2,0,0,0,0,0,0
2019p606019,4,0,0,3,1,0,0,0,0,0
2019p606011,3,0,0,2,1,0,0,0,0,0
2019p605955,7,0,0,7,0,0,0,0,0,0
2019p605927,4,0,0,1,3,0,0,0,0,0
2019p605655,2,0,0,1,0,0,0,0,1,0
2019p605612,3,0,0,2,1,0,0,0,0,0
2019p605240,5,0,0,2,1,1,1,0,0,0
2019p604953,6,0,0,2,4,0,0,0,0,0
2019p604821,26,0,0,15,6,2,1,1,1,0
2019p604596,1,0,0,0,1,0,0,0,0,0
2019p604594,1,0,0,0,1,0,0,0,0,0
2019p604566,3,0,0,2,1,0,0,0,0,0
2019p604513,3,0,0,2,1,0,0,0,0,0
2019p604508,3,0,0,2,1,0,0,0,0,0
2019p604504,3,0,0,1,2,0,0,0,0,0
2019p604415,49,0,0,26,21,0,1,0,1,0
2019p604409,117,0,0,58,54,3,2,0,0,0
2019p604385,260,0,0,130,111,17,2,0,0,0
2019p604348,3,0,0,3,0,0,0,0,0,0
2019p604320,4,0,0,3,0,0,1,0,0,0
2019p604305,5,0,0,3,1,0,1,0,0,0
2019p604293,3,0,0,2,1,0,0,0,0,0
2019p604279,5,0,0,3,0,1,0,0,1,0
2019p604257,13,0,0,10,0,1,0,0,2,0
2019p604229,2,0,0,1,1,0,0,0,0,0
2019p604198,2,0,0,1,0,1,0,0,0,0
2019p604196,2,0,0,1,0,1,0,0,0,0
2019p604185,4,0,0,1,1,1,0,0,1,0
2019p604180,5,0,0,1,2,1,0,0,1,0
2019p604171,6,0,0,2,2,1,0,0,1,0
2019p604167,6,0,0,3,2,0,0,0,1,0
2019p604141,6,0,0,3,3,0,0,0,0,0
2019p604136,5,0,0,2,3,0,0,0,0,0
2019p604115,8,0,0,6,0,0,0,0,2,0
2019p604103,9,0,0,4,3,0,0,0,2,0
2019p604096,11,0,0,8,3,0,0,0,0,0
2019p604090,13,0,0,9,4,0,0,0,0,0
2019p604065,20,0,0,14,4,0,1,0,1,0
2019p604058,19,0,0,14,3,0,1,0,1,0
2019p604046,26,0,0,18,2,2,3,0,1,0
2019p604042,27,0,0,18,2,3,3,0,1,0
2019p604036,26,0,0,17,3,3,2,0,1,0
2019p604033,30,0,0,19,3,5,2,0,1,0
2019p604032,32,0,0,20,4,5,2,0,1,0
2019p604029,33,0,0,19,5,6,2,0,1,0
2019p604016,37,0,0,19,6,8,2,0,2,0
2019p604006,78,0,0,42,17,12,3,1,3,0
2019p604002,86,0,0,47,18,12,3,1,5,0
2019p603993,102,0,0,55,24,14,4,1,4,0
2019p603976,119,0,0,58,36,19,1,1,4,0
2019p603974,124,0,0,60,40,18,2,1,3,0
2019p603971,142,0,0,64,49,22,2,3,2,0
2019p603960,210,0,0,88,80,32,4,3,3,0
2019p603953,288,0,0,110,122,46,4,4,2,0
2019p603950,312,0,0,115,134,50,7,4,2,0
2019p603944,387,0,0,147,158,66,10,3,3,0
2019p603940,446,0,0,173,186,70,14,1,2,0
2019p603937,503,0,0,186,216,84,13,2,2,0
2019p603934,575,0,0,215,246,96,14,2,2,0
2019p603933,613,0,0,226,261,107,14,2,3,0
2019p603928,749,0,0,270,326,130,18,1,4,0
2019p603925,892,0,0,309,401,151,23,1,7,0
2019p603919,1251,0,0,437,573,196,35,2,8,0
2019p603912,1987,0,0,704,925,305,41,4,8,0
2019p603910,2527,0,0,929,1183,360,43,4,8,0
2019p603904,4870,0,0,1858,2277,651,71,3,10,0
2019p603903,5729,0,0,2208,2690,732,86,3,10,0
2019p603901,6777,0,0,2676,3116,866,106,3,10,0
2019p603895,6878,0,0,2755,3119,883,109,5,7,0
2019p603199,3,0,0,3,0,0,0,0,0,0
2019p602728,3,0,0,1,2,0,0,0,0,0
2019p600875,1,0,0,0,0,0,0,0,1,0
2019p600117,1,0,0,1,0,0,0,0,0,0
2019p598957,2,0,0,1,1,0,0,0,0,0
2019p592035,2,0,0,2,0,0,0,0,0,0
2019p592022,3,0,0,2,0,0,0,0,1,0
2019p590267,3,0,0,3,0,0,0,0,0,0
2019p587572,1,0,0,0,1,0,0,0,0,0
2019p586667,1,0,0,0,1,0,0,0,0,0
2019p585111,1,0,0,1,0,0,0,0,0,0
2019p579779,1,0,0,1,0,0,0,0,0,0
2019p576678,2,0,0,2,0,0,0,0,0,0
2019p574171,2,0,0,2,0,0,0,0,0,0
2019p573154,1,0,0,0,1,0,0,0,0,0
2019p816182,2,0,0,2,0,0,0,0,0,0
2019p810990,2,0,0,1,0,1,0,0,0,0
2019p808401,1,0,0,1,0,0,0,0,0,0
2019p805347,4,0,0,3,0,0,0,0,1,0
2019p786810,1,0,0,1,0,0,0,0,0,0
2019p754340,1,0,0,0,1,0,0,0,0,0
2019p739075,1,0,0,1,0,0,0,0,0,0
2019p738163,1,0,0,0,1,0,0,0,0,0
2019p712800,2,0,0,1,0,0,0,0,1,0
2019p694425,5,0,0,4,1,0,0,0,0,0
2019p686493,6,0,0,6,0,0,0,0,0,0
2019p682094,8,0,0,5,3,0,0,0,0,0
2019p665034,1,0,0,1,0,0,0,0,0,0
2019p659851,1,0,0,1,0,0,0,0,0,0
2019p611488,10,0,0,7,3,0,0,0,0,0
2019p603512,26,0,0,19,7,0,0,0,0,0
2019p581102,25,0,0,19,6,0,0,0,0,0
2019p574323,1,0,0,1,0,0,0,0,0,0
